PartnerId,CustomerId,AssetId,DeviceId,DeviceType,Platform,ContentType,PremiumContent
31-0501626,1469590,79-5210096,52.239.34.233/8,laptop,sony liv,Drama,NO
97-5291240,1203873,69-7903385,8.203.94.59/1,tab,sony liv,Drama|War,NO
12-9582033,1432761,52-8212093,166.42.28.141/1,tv,hotstar,Comedy,YES
81-0337938,1207582,48-3622447,153.177.169.192/11,mobile,hotstar,Documentary,YES
13-0884181,1674436,27-9405269,238.75.39.134/7,tab,sony liv,Adventure|Drama|Fantasy,NO
15-4303301,1213971,55-4903740,106.133.201.155/2,mobile,hotstar,Drama,YES
41-5410186,1428822,79-0489105,37.219.185.14/14,tv,sony liv,Drama,NO
53-1746053,1705739,38-3813568,153.100.122.61/21,mobile,sony liv,Drama|War,NO
58-3778550,1715169,29-7542524,159.190.166.32/31,tab,sony liv,Drama,NO
03-9082752,1722991,50-8327580,68.110.121.97/26,tv,hotstar,Crime|Drama|Mystery,YES
95-9407680,1719964,79-8648311,113.54.42.139/5,mobile,hotstar,Horror,YES
30-8962677,1818043,26-9174541,99.138.204.114/19,laptop,hotstar,Sci-Fi,YES
39-0110535,1231297,89-9995388,239.106.152.200/28,tv,sony liv,Action|Crime|Thriller,NO
97-6977814,1172292,08-8704513,228.189.142.113/12,mobile,hotstar,Comedy,YES
86-8769688,1154808,11-0595202,229.124.86.249/16,tab,hotstar,Crime|Drama|Mystery,YES
73-8449280,1648542,50-6550393,217.157.124.67/18,laptop,sony liv,Horror,NO
04-9540615,1193245,32-3923720,231.208.60.177/29,tv,sony liv,Adventure|Comedy|Thriller,NO
17-9928808,1740408,40-9893547,140.221.167.207/21,tv,sony liv,Comedy|Drama|Fantasy|Sci-Fi,NO
10-7187144,1250076,66-4010867,5.3.11.52/13,mobile,hotstar,Drama,YES
12-5820737,1616625,64-3956253,70.58.129.204/1,tv,hotstar,Action|Adventure|Drama|Romance|Western,YES
70-9390793,1428429,83-9705770,162.88.222.49/14,mobile,sony liv,Drama,NO
64-1218547,1272219,37-7949480,53.18.173.172/4,mobile,sony liv,Drama,NO
67-9823312,1771414,09-0803930,166.45.65.149/8,mobile,sony liv,Comedy,NO
91-1480874,1666563,70-0248750,156.8.45.228/14,tv,sony liv,Action|Comedy|Drama,NO
26-5304580,1847764,51-5950841,252.192.144.38/21,tv,hotstar,Drama|Romance,YES
43-8429379,1138996,80-1734583,84.118.120.108/29,tab,sony liv,Comedy,NO
03-8516698,1578742,99-4662443,186.210.78.28/9,tv,sony liv,Drama,NO
11-2435989,1709277,38-3792747,3.181.8.66/8,tv,hotstar,Action|Drama|Thriller,YES
52-9773936,1508823,39-8797856,4.108.63.219/20,tv,sony liv,Drama,NO
70-3907289,1323870,01-7395200,29.19.57.90/25,mobile,hotstar,Horror|War,YES
91-3101890,1414851,08-2170998,242.125.145.124/17,tv,sony liv,Action|Comedy,NO
15-5779116,1764281,22-7921388,78.161.150.131/16,tv,sony liv,Action|Adventure|Western,NO
71-8876760,1291798,88-4893439,245.137.99.249/17,tv,sony liv,Comedy,NO
42-6751414,1873969,50-1479541,11.146.235.115/7,mobile,hotstar,Drama|Romance,YES
42-4304716,1888210,30-3697972,204.115.250.112/26,tv,hotstar,Adventure|Comedy|Drama,YES
17-4755950,1547494,73-1603929,6.123.38.252/15,mobile,hotstar,Action|Comedy,YES
81-0637168,1674114,55-2601217,168.192.149.236/14,tv,sony liv,Comedy|Romance,NO
84-2045607,1330233,15-8214852,251.102.56.83/18,mobile,sony liv,Action|Crime,NO
37-1880143,1443666,39-1180795,135.48.22.199/12,tv,sony liv,Comedy|Horror,NO
06-8084221,1574283,68-9555650,9.3.23.99/25,mobile,sony liv,Comedy|Drama,NO
62-2436170,1866940,34-6491029,41.191.180.27/11,tab,hotstar,Adventure|Comedy|Musical|Romance|Western,YES
76-8357161,1188917,71-0628943,225.188.249.166/11,tv,sony liv,Action|Sci-Fi,NO
89-6782462,1491485,63-7581910,2.247.118.60/9,tab,sony liv,Comedy|Drama,NO
26-7648778,1381317,21-1667905,245.12.43.97/3,tv,hotstar,Drama,YES
19-1707999,1246402,91-4778816,45.51.165.81/10,mobile,sony liv,Comedy|Romance,NO
63-1801633,1641291,00-9823729,173.177.75.92/1,tv,hotstar,Comedy|Drama,YES
84-2281715,1716706,08-7418435,142.202.246.158/24,mobile,hotstar,Drama|Thriller,YES
14-3504616,1395153,82-7542774,4.101.102.7/13,tv,sony liv,Crime|Drama,NO
97-6490427,1697859,39-8053246,67.204.214.197/9,mobile,hotstar,Drama|Romance,YES
77-8133775,1193227,53-1548702,175.188.249.51/31,laptop,hotstar,Comedy|Musical,YES
27-6899785,1850736,28-5362735,123.163.158.229/7,tv,sony liv,Documentary,NO
75-3597206,1771270,56-7480504,236.194.152.222/26,tab,hotstar,Action|Adventure|Drama|War,YES
15-3788119,1840431,20-7059122,103.73.184.16/3,tv,sony liv,Drama|Romance,NO
10-6240462,1502325,49-8046837,24.97.127.58/23,tv,sony liv,Drama,NO
30-7554999,1151072,78-7832240,51.84.145.37/17,tv,sony liv,Animation|Children,NO
62-6524051,1875288,90-5973323,119.142.170.6/20,tab,sony liv,Drama,NO
76-3730235,1361963,90-8506898,147.23.213.248/5,tv,hotstar,Romance|Thriller,YES
98-9475255,1599723,02-7197763,132.31.50.75/23,mobile,hotstar,Horror|Thriller,YES
47-4456892,1438784,76-2731250,30.130.246.218/19,tv,hotstar,Drama,YES
79-7473443,1274604,73-1781914,84.160.109.0/25,tv,hotstar,Action|Mystery|Thriller,YES
28-9974803,1548860,05-6323042,219.146.147.216/10,tv,hotstar,Drama,YES
55-1033042,1570047,35-2844922,62.13.7.196/21,tv,sony liv,Western,NO
95-6513487,1825757,68-1960666,17.34.103.179/11,tab,sony liv,Adventure|Comedy|Western,NO
96-7552013,1304525,42-2617853,107.45.254.152/4,tv,hotstar,Drama,YES
84-0123835,1750074,99-3559248,33.51.80.230/12,mobile,sony liv,Documentary,NO
89-0303869,1134752,13-3634242,11.244.243.117/7,tv,sony liv,Thriller,NO
87-1466489,1505713,19-4561677,171.78.27.179/9,mobile,sony liv,Comedy,NO
84-4907101,1724003,40-3071041,141.33.203.254/8,mobile,sony liv,Action|Crime|Drama|Mystery|Sci-Fi|Thriller|IMAX,NO
08-4064640,1388519,40-4894316,235.46.192.252/12,tv,hotstar,Comedy|Romance,YES
47-9154992,1724882,58-1622010,25.70.60.192/5,tv,hotstar,Action|Drama|Sci-Fi,YES
12-8892523,1463336,53-2132845,164.47.66.69/20,tv,hotstar,Documentary,YES
38-6972474,1804919,28-7720800,90.3.150.207/20,tv,sony liv,Crime|Drama|Thriller,NO
52-8763210,1591747,73-0344351,7.219.177.12/19,tv,sony liv,Drama|Romance,NO
90-4566392,1743709,34-2836516,214.57.38.63/21,tv,hotstar,Comedy,YES
96-7809665,1472593,66-3164039,41.102.153.73/1,mobile,hotstar,Comedy,YES
04-9704224,1641977,71-1384174,214.14.172.180/13,tab,sony liv,Comedy|Documentary,NO
34-9927636,1649753,49-9879583,219.109.59.62/3,tv,sony liv,Children|Fantasy|Musical,NO
98-4854471,1149571,55-9779371,32.35.215.233/28,mobile,hotstar,Horror|Mystery,YES
67-1973481,1691240,48-4335666,34.125.54.73/26,tab,hotstar,Comedy|Drama,YES
78-6196498,1838961,33-6498882,162.128.41.119/10,tv,sony liv,Drama,NO
47-6422892,1403464,12-7379992,163.49.250.135/15,tv,sony liv,Action|Drama|Thriller,NO
84-2478897,1646022,61-4349877,39.209.147.198/11,laptop,hotstar,Drama|Musical|Romance,YES
35-7181278,1106801,64-6582968,151.137.1.62/9,tv,hotstar,Comedy|Romance,YES
63-3442095,1616296,33-7245482,218.122.212.91/30,tv,hotstar,Comedy|Drama,YES
47-3241376,1238277,05-8116048,204.25.77.240/2,tv,hotstar,Action|Drama|War,YES
74-6554130,1175457,37-0848351,96.9.185.194/14,tab,sony liv,Drama|Romance,NO
70-0612130,1576577,29-0994497,31.171.90.82/31,mobile,hotstar,Action|Thriller,YES
25-4499802,1586725,20-5204724,209.89.233.149/23,tv,sony liv,Crime|Drama|Romance|Thriller,NO
01-9005773,1660853,72-5402031,74.40.254.25/12,tv,sony liv,Comedy|Drama|Romance,NO
18-7848396,1132472,90-9417127,135.233.222.157/12,mobile,hotstar,Drama,YES
99-9599519,1368120,36-2237437,43.97.56.115/29,tab,hotstar,Comedy|Drama,YES
88-7173340,1403185,78-5755391,2.152.186.180/19,tv,sony liv,Drama,NO
42-1654885,1601892,51-0547227,195.185.183.195/26,tv,sony liv,Comedy,NO
44-3179712,1220273,71-3270046,111.51.3.65/13,tv,sony liv,Children|Comedy|Musical,NO
03-2496842,1713632,71-0640754,49.89.141.110/3,tv,hotstar,Thriller,YES
87-2949919,1416025,43-5677397,175.128.204.125/7,tab,hotstar,Comedy,YES
64-5379161,1610826,27-6338824,225.181.235.242/24,tv,sony liv,Romance,NO
94-7574246,1887006,94-2586627,37.185.50.95/26,tv,hotstar,Drama|Romance,YES
68-6119208,1570732,57-6651457,119.115.48.22/14,tv,hotstar,Documentary,YES
75-2970597,1617889,26-8093777,38.220.140.57/2,tv,sony liv,Comedy,NO
77-7815205,1318902,01-0955460,111.13.193.84/20,mobile,sony liv,Action,NO
73-9202121,1466716,41-2575010,250.181.136.224/31,mobile,hotstar,Documentary|War,YES
36-3732604,1621669,97-5672765,73.83.238.219/5,tv,sony liv,Comedy,NO
15-1829437,1901818,37-1897338,72.187.81.211/8,mobile,sony liv,Musical|Romance,NO
69-0873500,1114473,03-0994161,65.189.115.125/30,tab,sony liv,Comedy,NO
08-9814022,1514853,77-0409114,96.109.89.46/12,mobile,sony liv,Drama|Mystery|Thriller,NO
62-6801992,1645589,86-0800191,13.23.166.152/28,laptop,sony liv,Drama|Romance,NO
89-2588140,1504772,17-3428248,154.11.205.225/25,tab,hotstar,Drama|Romance,YES
51-2468377,1698579,32-7787644,75.69.192.35/12,tab,sony liv,Drama|Horror|Thriller,NO
90-4988793,1754975,45-1045340,92.233.47.2/15,tv,hotstar,Comedy|Romance,YES
55-8659150,1222155,41-8768191,116.69.244.2/1,tv,hotstar,Documentary,YES
94-9053582,1719636,82-0039777,54.55.36.37/6,tv,hotstar,Comedy|Romance,YES
93-2101944,1323966,96-7603348,50.164.53.204/24,mobile,hotstar,Action|Sci-Fi,YES
80-9878856,1683052,37-1598184,106.195.101.221/24,tab,sony liv,Comedy,NO
58-2804934,1405004,29-2753368,42.48.66.212/30,tv,hotstar,Drama,YES
32-6757636,1848791,58-7071643,115.126.118.133/5,tv,hotstar,Horror,YES
25-9919536,1229152,49-2774881,138.50.222.242/16,mobile,hotstar,Drama|Romance,YES
35-9617311,1206049,59-5508273,221.68.250.95/27,mobile,sony liv,(no genres listed),NO
99-2004260,1651983,40-4604940,116.210.111.35/7,tv,sony liv,Drama,NO
70-5175781,1357789,79-4727786,121.221.77.100/14,tab,sony liv,Children|Drama,NO
45-5627166,1506336,86-3024648,175.145.241.255/17,tv,hotstar,Action|Comedy,YES
35-4231213,1171493,91-3715042,189.215.3.145/23,mobile,sony liv,Action|Adventure|Drama|Romance|War,NO
71-5103509,1278346,57-4932718,45.7.143.250/28,tab,sony liv,Action|Adventure|Drama,NO
26-5519766,1852036,14-6030583,129.180.7.6/2,laptop,hotstar,Horror|Mystery,YES
66-1529762,1717438,75-0333795,181.27.218.121/4,mobile,hotstar,Action|Adventure|Animation|Fantasy,YES
11-4265364,1168894,77-8893770,12.59.56.71/16,tv,hotstar,Documentary,YES
88-8793978,1169906,84-5243456,32.200.86.171/4,tv,sony liv,Comedy,NO
97-5419490,1693022,63-5143551,216.245.11.105/25,tv,sony liv,Documentary,NO
03-3884266,1125378,43-2373687,227.90.120.36/25,tv,sony liv,Drama,NO
31-6349544,1355140,47-4335907,62.15.130.120/13,mobile,hotstar,Documentary,YES
01-5084740,1156488,59-1712327,36.239.44.40/24,tv,sony liv,Drama|Musical,NO
22-6752497,1817517,24-0056650,229.61.255.169/4,mobile,sony liv,Action|Comedy|Musical,NO
53-6166027,1183266,42-5658550,197.80.81.215/10,laptop,sony liv,Drama|Romance,NO
36-7499787,1834069,72-7061266,173.167.94.234/30,laptop,sony liv,Crime|Drama|Thriller,NO
34-7686465,1501095,40-0298386,75.86.141.151/22,mobile,hotstar,Drama,YES
05-3863206,1577050,05-7305234,59.74.177.56/19,mobile,hotstar,Action|Adventure|Drama,YES
96-7581683,1601894,03-4170678,12.98.55.214/16,tv,sony liv,(no genres listed),NO
04-8190324,1376069,02-8530863,186.180.6.40/20,mobile,sony liv,Drama|Romance,NO
07-9719844,1450465,52-0700964,47.79.19.222/11,tv,sony liv,Action|Adventure|Sci-Fi|Western,NO
13-8650001,1565903,68-6450464,80.144.18.23/12,mobile,hotstar,Drama,YES
32-7943416,1124574,76-4585032,252.83.91.42/6,tv,hotstar,Drama,YES
74-5095150,1432828,85-3009806,159.24.252.188/19,mobile,sony liv,Drama,NO
01-3988072,1682758,26-8567997,61.239.132.139/14,mobile,hotstar,Comedy|Drama,YES
98-3393989,1902944,50-9396420,217.43.205.1/12,tab,hotstar,Documentary|Musical,YES
51-8392145,1774498,84-2560196,191.166.255.190/7,mobile,sony liv,Drama,NO
03-0447471,1411456,58-5430640,247.87.238.148/23,mobile,sony liv,Horror,NO
92-9063717,1387053,27-1296503,74.190.22.186/12,mobile,sony liv,Comedy,NO
56-9788063,1563602,19-9659623,205.19.194.244/14,tab,hotstar,Drama|Romance,YES
21-8079915,1901178,34-8458900,121.248.165.252/11,tab,hotstar,Drama|Romance,YES
46-9049610,1841686,73-2976265,228.132.1.222/9,tv,hotstar,Drama|Horror|Mystery|Thriller,YES
43-0905686,1403203,04-5464294,179.217.144.38/20,mobile,sony liv,Comedy,NO
12-1223950,1448565,92-3844390,251.229.226.153/28,tv,sony liv,Drama,NO
55-6343952,1538125,90-2318582,144.105.108.239/30,mobile,sony liv,Sci-Fi,NO
94-7842173,1115975,24-1899174,200.89.36.7/5,mobile,hotstar,Comedy|Romance,YES
93-7219352,1230615,23-2060331,206.172.213.39/25,laptop,sony liv,Crime|Mystery|Thriller,NO
65-3967450,1841503,86-8342797,114.193.174.136/16,tv,hotstar,Drama,YES
42-4037733,1321123,85-7404648,211.175.75.41/3,mobile,sony liv,Action|Sci-Fi,NO
56-8495658,1691733,20-8179502,220.57.68.34/11,tv,hotstar,Horror|Romance,YES
37-7847543,1680095,40-1025203,236.113.161.160/30,tv,hotstar,Drama,YES
48-4496198,1660328,30-5987640,39.14.67.63/1,tab,hotstar,Comedy|Musical,YES
46-7286638,1187072,65-1259228,221.61.112.123/4,mobile,sony liv,Documentary,NO
24-6407608,1460273,07-0817670,69.230.116.47/4,mobile,hotstar,Crime,YES
60-7665893,1138817,40-4750334,187.133.213.84/14,laptop,sony liv,Drama|Romance|War,NO
79-8664113,1628583,35-6392290,5.204.220.120/26,tv,hotstar,Horror|Thriller,YES
89-0533192,1734823,49-5426816,241.95.25.214/1,mobile,sony liv,Action|Sci-Fi|Thriller,NO
67-4264860,1280180,22-8678350,38.89.226.20/4,mobile,hotstar,Action|Thriller,YES
33-4334313,1279502,54-0132478,17.31.99.186/8,tv,hotstar,Drama,YES
82-6298215,1699886,13-0821362,141.116.142.245/14,tv,sony liv,Documentary|Drama|War,NO
67-7751842,1183811,38-5841719,121.30.53.83/20,tv,hotstar,Comedy|Crime|Horror,YES
46-9880387,1775311,34-1718793,20.231.149.38/8,mobile,hotstar,Horror|Sci-Fi,YES
01-4852234,1770037,34-2827697,156.176.62.80/10,tv,sony liv,Western,NO
34-1243109,1420832,58-4915328,60.105.29.73/9,tv,sony liv,Drama,NO
04-5227829,1388983,46-7364796,32.34.130.67/4,mobile,hotstar,Drama,YES
31-8554757,1827797,83-7600437,23.156.173.129/7,mobile,hotstar,Drama,YES
09-3643689,1758397,62-9604328,154.134.29.119/17,tv,hotstar,Crime|Drama|Horror|Thriller,YES
16-0257498,1126090,76-1768524,49.132.141.138/17,mobile,hotstar,Western,YES
36-4700263,1653715,76-4826782,127.205.141.10/9,tab,hotstar,Drama,YES
37-6107224,1534783,49-2655842,180.75.92.63/2,tv,hotstar,Drama|Romance|Thriller,YES
33-6470732,1705627,36-6562061,29.182.2.217/14,tv,hotstar,Comedy,YES
04-4415581,1156764,37-6003203,108.119.72.13/26,tv,sony liv,Action|Fantasy|Horror,NO
08-8586657,1351247,27-7366725,246.112.98.183/5,mobile,sony liv,Documentary,NO
24-3549077,1324848,15-4097502,152.213.64.225/28,tv,hotstar,Adventure|Children|Fantasy|Musical,YES
64-8108319,1706494,44-7043165,96.152.35.204/8,mobile,sony liv,Drama|Horror,NO
55-6578677,1325093,24-3192912,252.52.245.139/11,tv,sony liv,Comedy|Drama,NO
28-6405828,1168078,88-4175186,110.76.171.91/11,tv,sony liv,Crime|Drama|Thriller,NO
86-0309576,1625627,74-9414156,43.51.43.243/14,mobile,sony liv,Comedy,NO
93-4504004,1645519,07-9321314,223.7.107.56/24,tv,sony liv,Comedy|Musical,NO
38-0823299,1308726,90-9819750,209.141.22.202/3,laptop,hotstar,Action|Adventure|Crime|Drama|Mystery|Thriller,YES
99-9596151,1460398,93-0968712,181.66.54.25/24,mobile,hotstar,Documentary,YES
56-3437994,1802699,47-0248133,223.125.208.63/21,tv,sony liv,Comedy,NO
55-6781181,1693215,97-0372287,107.215.78.121/28,tv,hotstar,Drama|Romance|Thriller,YES
40-4016062,1493175,91-0804293,147.34.160.77/4,tab,hotstar,Drama|War,YES
45-5436278,1387043,12-2104187,203.88.212.176/25,tv,hotstar,Mystery,YES
74-1015976,1603493,88-3217058,51.102.151.142/3,tv,sony liv,Horror|Thriller,NO
50-3136108,1807486,88-3502376,186.166.138.242/3,tv,sony liv,Horror|Thriller,NO
18-4075520,1543290,80-4569996,180.174.55.139/19,tv,hotstar,Action|Crime,YES
70-5565550,1468750,52-3363830,188.77.110.154/11,tab,hotstar,Children|Mystery,YES
71-2152586,1849580,03-2665702,197.41.230.252/7,tv,sony liv,Action|Adventure|Comedy|Sci-Fi,NO
06-3298746,1855241,54-2188795,8.68.40.41/8,mobile,sony liv,Drama,NO
06-4593305,1709944,15-6985738,162.67.60.118/24,tab,sony liv,Comedy|Horror|Thriller,NO
71-0007762,1781381,14-2451056,226.47.54.160/16,tv,sony liv,Comedy|Fantasy,NO
06-9821511,1505411,82-6370789,212.88.36.252/8,mobile,sony liv,Documentary,NO
39-5862261,1662647,27-3582587,242.84.70.108/25,mobile,hotstar,Action|Adventure,YES
08-2652935,1277108,43-2359372,172.133.237.114/10,mobile,hotstar,Comedy,YES
98-5308854,1632379,66-4285689,61.52.153.76/17,tv,sony liv,Adventure|Sci-Fi|Thriller,NO
61-8079628,1232889,31-2404978,225.101.117.180/12,mobile,hotstar,Drama,YES
51-6517266,1729265,57-5626738,58.113.39.120/2,tv,hotstar,Comedy|Romance,YES
51-1034893,1266769,32-8918470,250.95.247.210/13,mobile,sony liv,Romance,NO
79-0760112,1457378,57-1426706,6.22.248.43/26,mobile,sony liv,Documentary,NO
64-3796450,1241829,84-0008742,194.81.250.240/20,mobile,sony liv,Drama|Thriller,NO
92-5560171,1586696,42-7608775,147.136.18.76/23,mobile,sony liv,Comedy|Drama,NO
31-5601602,1878718,67-2080295,147.41.34.24/19,tv,sony liv,Crime|Drama|Thriller,NO
20-6486688,1613024,28-0835784,242.107.3.112/21,tv,hotstar,Crime|Drama,YES
39-5348991,1781216,82-4323861,130.171.119.179/1,tv,sony liv,Drama|Thriller,NO
58-2888890,1529476,33-0560908,194.105.130.2/24,mobile,sony liv,Comedy,NO
20-2862654,1680133,37-3119217,39.184.208.141/5,mobile,sony liv,Adventure|Sci-Fi,NO
68-6069662,1671701,94-5161343,72.173.61.102/3,tv,sony liv,Drama|Mystery|Romance|Thriller,NO
76-1858853,1698484,58-2222198,149.37.8.38/10,mobile,sony liv,Action|Crime|Drama|Thriller,NO
50-8637104,1482932,94-9326556,5.225.95.77/25,tv,sony liv,Comedy,NO
33-8540132,1332984,95-1385313,47.227.12.247/21,tv,hotstar,Crime|Drama|Film-Noir,YES
56-7236952,1280672,42-0029327,24.196.57.58/27,mobile,hotstar,Comedy|Mystery,YES
55-2139712,1622064,25-1393046,168.226.174.160/12,tv,sony liv,Comedy|Drama|Romance,NO
97-7987514,1593121,78-3061633,106.204.90.217/22,mobile,sony liv,Comedy|Romance,NO
01-0393495,1128002,12-3746100,91.100.21.173/8,tab,sony liv,Comedy,NO
85-4585125,1761229,83-5636899,42.15.237.154/18,tv,hotstar,Documentary,YES
42-6053861,1564360,43-4388194,89.51.52.135/24,tv,sony liv,Drama,NO
63-2029837,1749949,04-7103253,98.190.78.34/20,mobile,sony liv,Comedy,NO
79-8518300,1468094,14-4017552,201.106.24.39/26,tv,sony liv,Drama|Horror|Mystery,NO
39-2024938,1857654,74-4250064,105.216.172.100/12,tab,sony liv,Action|Adventure|Animation|Children|Comedy,NO
89-6452052,1785759,23-1411272,2.198.177.67/7,tv,sony liv,Documentary,NO
64-4198996,1596358,98-4441429,231.141.180.19/12,mobile,sony liv,Action|Adventure|Comedy|Romance,NO
00-2474257,1515190,84-3164587,48.164.73.51/16,tv,sony liv,Mystery|Thriller,NO
17-2636772,1720597,07-6198165,34.84.49.97/10,tab,sony liv,Comedy,NO
05-8229346,1487170,13-1916395,56.233.148.67/5,tab,sony liv,Documentary|IMAX,NO
00-8842947,1570458,64-1931416,122.247.47.43/13,tab,hotstar,Comedy|Crime|Western,YES
13-6673067,1216325,58-0270530,91.212.238.125/23,mobile,hotstar,Animation|Children|Fantasy|Musical|Romance,YES
49-1763305,1810247,84-8719335,56.29.120.2/27,tv,sony liv,Comedy,NO
09-4575201,1303121,15-0981803,172.140.204.62/15,mobile,hotstar,Action|Comedy|Romance,YES
26-0123731,1755306,20-6873644,76.3.134.151/25,tv,hotstar,Drama,YES
31-9163169,1429938,67-7245194,47.69.182.243/23,mobile,sony liv,Action|Comedy|Crime|Romance,NO
04-0428319,1255291,43-1195373,204.224.146.113/6,mobile,hotstar,Drama,YES
83-7710757,1766084,61-9191250,6.134.20.130/29,tv,hotstar,Horror|Mystery|Sci-Fi|Thriller,YES
75-4651617,1598979,86-0202093,50.16.170.223/1,tv,hotstar,Drama|Romance,YES
12-0894556,1700009,30-3649342,183.249.146.214/23,tv,hotstar,Drama|War,YES
04-0869377,1591456,48-5194868,128.28.9.139/28,tv,sony liv,Action|Comedy|Crime|Romance,NO
94-0011837,1444099,58-1985567,248.73.99.238/9,tab,hotstar,Drama|Romance,YES
89-5337126,1627604,19-6405350,156.233.251.40/28,tv,hotstar,Drama|Fantasy,YES
50-9982200,1533746,59-5128123,237.37.195.222/12,mobile,sony liv,Adventure|Drama|Thriller,NO
66-7204755,1659113,82-9819413,200.192.68.99/15,tv,sony liv,Documentary,NO
33-3792654,1276035,74-3779111,136.250.185.217/2,tv,sony liv,Drama|Mystery|Romance,NO
33-6943445,1812017,16-4184915,68.242.253.33/7,tv,hotstar,Action,YES
90-5396445,1540012,38-8796793,32.215.98.166/19,mobile,hotstar,Comedy|Romance,YES
44-1680190,1582743,14-3802286,6.128.120.218/6,mobile,hotstar,Comedy|Drama,YES
91-9783599,1891614,64-4556998,13.247.68.248/13,tab,hotstar,Documentary|Musical,YES
28-0461896,1685016,10-0924252,77.0.186.85/25,tv,hotstar,Action|Adventure|Comedy|Crime|Drama|Film-Noir|Horror|Mystery|Thriller|Western,YES
40-9605431,1656238,08-9736301,83.91.134.9/22,tab,sony liv,Crime|Drama,NO
10-8619974,1444375,25-4714950,89.182.150.41/22,tv,sony liv,Drama,NO
58-0648685,1148952,19-0918944,153.123.35.168/27,tab,sony liv,Action,NO
77-2189271,1397248,71-9149955,236.117.134.164/13,tv,sony liv,Horror|Mystery|Thriller,NO
20-8602064,1513777,43-5949165,206.112.150.30/24,mobile,sony liv,Documentary|Drama|War,NO
94-5241920,1352424,98-8026318,169.194.129.32/17,tab,sony liv,Comedy,NO
40-2446140,1585697,76-7258757,236.148.181.105/13,mobile,hotstar,(no genres listed),YES
85-6546771,1552427,91-3031077,171.162.66.70/16,mobile,hotstar,Drama,YES
39-4812749,1194650,43-3835671,210.210.253.212/14,tv,sony liv,Documentary,NO
92-2208495,1516910,91-5683905,185.74.199.117/28,laptop,sony liv,Action|Sci-Fi,NO
47-8163773,1847834,47-5766262,87.191.64.199/4,tv,sony liv,Comedy,NO
13-9913858,1647128,11-8990088,229.129.128.161/25,tv,hotstar,Thriller,YES
68-5014899,1232944,09-1912888,143.237.181.106/24,mobile,sony liv,Crime|Thriller,NO
55-8967732,1310758,85-5649118,199.191.140.200/23,tv,sony liv,Drama|Romance,NO
26-4588862,1650945,92-6909887,215.190.168.75/14,tv,hotstar,Comedy|Musical|Western,YES
93-8778180,1193039,84-3825035,18.179.198.238/19,tv,sony liv,Crime|Mystery|Thriller,NO
41-0596080,1753115,94-3918978,184.78.176.37/4,tab,sony liv,Adventure|Children|Drama,NO
90-1314503,1799149,19-4345640,12.77.181.80/25,tv,sony liv,(no genres listed),NO
77-5452045,1152260,59-9032276,243.32.221.195/21,tv,sony liv,Comedy|Horror|Sci-Fi,NO
60-5379998,1522384,22-9436935,65.148.182.56/9,tv,sony liv,Action|Drama,NO
21-0348843,1826417,99-1808091,212.94.220.224/8,tab,hotstar,Fantasy|Sci-Fi,YES
22-8972164,1860196,51-4158201,85.127.169.62/11,tab,hotstar,Comedy|Musical|Romance,YES
57-2335265,1832835,14-5503146,196.208.144.151/13,tv,hotstar,Drama,YES
12-7345674,1268091,05-0130212,47.22.1.172/16,mobile,hotstar,Drama,YES
15-3159818,1755105,43-2895605,251.26.20.210/5,mobile,hotstar,Drama|Musical|Romance,YES
87-9669533,1769868,74-9807117,189.67.9.150/14,tv,sony liv,Comedy,NO
36-2109596,1243419,20-1211751,35.251.236.44/5,mobile,sony liv,Drama,NO
25-3306561,1131444,12-4652295,193.39.144.38/19,laptop,hotstar,Comedy|Horror|Sci-Fi,YES
71-1061791,1844436,72-2424343,153.127.60.7/7,mobile,hotstar,Documentary|Drama,YES
04-5575024,1856693,43-3920295,68.213.73.29/18,mobile,hotstar,Drama|Western,YES
65-4786322,1405233,45-4194069,252.127.240.51/19,tv,sony liv,Drama|Romance,NO
75-4355381,1442483,50-9114065,145.240.153.92/10,tv,hotstar,Comedy,YES
63-9020694,1761078,26-2803734,147.102.100.111/3,tv,sony liv,Comedy|Drama,NO
76-9693111,1838488,58-8954919,55.24.230.223/25,tv,sony liv,Comedy|Sci-Fi|Thriller,NO
81-1932783,1379318,31-7788426,60.65.7.105/1,tv,sony liv,Documentary|Musical,NO
30-7659685,1688183,91-4039571,110.157.138.243/31,tab,sony liv,Drama,NO
23-6566717,1340983,26-1315844,111.14.199.45/4,mobile,hotstar,Documentary|Drama,YES
30-9529232,1163798,20-6855087,158.141.63.180/19,tv,hotstar,Crime|Drama|Thriller,YES
07-6075232,1225433,10-2230888,243.155.229.34/10,tv,hotstar,Documentary|War,YES
06-1090915,1563134,26-4353308,232.38.56.238/4,laptop,hotstar,Drama|Horror|Musical,YES
43-3046673,1559877,16-1862723,131.234.60.11/1,tv,hotstar,Drama|Thriller,YES
83-2807272,1437216,75-7987787,210.28.230.174/28,tv,hotstar,Drama|War,YES
64-9542283,1347244,14-8311373,229.168.254.63/25,tv,hotstar,Action|Adventure|Children|Comedy,YES
05-1466682,1124063,86-8010269,94.225.91.82/22,mobile,sony liv,Drama,NO
72-0739502,1395426,22-1028156,9.207.98.147/12,mobile,sony liv,Action|Adventure,NO
10-4571533,1313483,88-7226311,115.67.217.132/30,tab,hotstar,Comedy,YES
12-1050274,1704941,92-5798016,157.54.61.250/2,mobile,sony liv,Drama,NO
79-9889161,1420165,06-5797603,94.246.128.134/30,tv,sony liv,Action|Adventure|Comedy|Crime|Romance|Thriller,NO
43-3126703,1600427,19-4712559,243.111.232.105/20,mobile,hotstar,Sci-Fi|Thriller,YES
86-9466094,1722344,42-4067932,144.185.92.46/14,tab,hotstar,Drama|Romance,YES
38-9194438,1535647,88-2243051,205.155.149.238/17,tv,sony liv,Fantasy|Horror,NO
46-4498675,1774831,83-7042830,129.103.91.199/25,tv,sony liv,Comedy|Drama|Musical,NO
67-3676170,1385836,39-5588492,89.145.173.115/8,tab,sony liv,Action|Horror|Thriller,NO
87-9512088,1211897,66-2249845,115.129.63.63/14,tv,hotstar,Sci-Fi,YES
75-8717249,1241781,94-2864206,124.21.62.7/13,tab,sony liv,Comedy|Horror,NO
67-9729261,1538187,81-7347018,68.203.251.11/26,tv,sony liv,Horror|Sci-Fi|Thriller,NO
67-8096128,1770099,85-7147367,35.132.210.244/3,mobile,hotstar,Crime|Drama,YES
48-3621775,1246068,96-0190625,9.45.99.29/1,tv,hotstar,Crime|Horror|Mystery|Thriller,YES
68-0109056,1738925,84-9071855,29.114.41.103/12,laptop,hotstar,Documentary,YES
66-7191104,1546660,93-6296188,137.167.137.235/26,mobile,sony liv,Crime|Thriller,NO
60-2261910,1363538,31-6782987,135.226.173.227/25,tab,hotstar,Drama,YES
13-3813035,1173975,79-2950541,192.149.158.164/25,mobile,sony liv,Comedy|Musical,NO
45-1196672,1527645,77-0981954,135.26.70.17/25,mobile,hotstar,Comedy,YES
52-4324351,1269451,58-0381558,187.222.185.83/23,tv,hotstar,Comedy|Drama|Romance,YES
61-5200539,1635930,92-4210923,29.66.83.229/8,tv,hotstar,Drama|Fantasy|Romance,YES
90-5807108,1443537,53-6063320,237.224.148.252/11,tv,sony liv,Drama|War,NO
09-5415792,1366526,54-4155339,200.5.4.229/29,tv,hotstar,Drama,YES
23-4025324,1492566,67-7130314,5.125.50.165/19,mobile,sony liv,Drama|Sci-Fi|Thriller,NO
00-0782927,1212992,81-0684490,244.225.121.227/9,mobile,sony liv,Drama,NO
05-9696555,1449219,52-7023822,156.219.20.131/3,tv,sony liv,Action|Crime|Thriller,NO
91-4901840,1113782,42-8690886,119.11.170.241/14,mobile,hotstar,Adventure|Drama,YES
75-2478622,1127014,44-9621654,116.200.222.159/24,tv,sony liv,Drama,NO
57-5407679,1730202,63-4853646,28.249.81.34/12,mobile,sony liv,Crime|Drama|Thriller,NO
52-0198787,1831874,65-1896410,198.158.100.85/9,tv,sony liv,Comedy|Drama|Romance,NO
52-7994412,1839770,67-7240471,107.71.35.200/7,tv,hotstar,Comedy|War,YES
39-2918773,1397184,62-9557473,132.7.35.128/6,mobile,hotstar,Action|Fantasy|Horror,YES
57-8336006,1893558,47-0412411,57.158.75.40/23,tv,hotstar,Drama|Romance,YES
53-4174755,1392044,49-1838431,133.194.82.145/18,tv,hotstar,Comedy|War,YES
47-9974504,1658501,30-4356985,144.246.42.196/14,tv,hotstar,Comedy|Romance,YES
02-9443711,1749671,62-8686332,176.238.33.207/11,laptop,sony liv,Comedy,NO
24-6437245,1497135,66-4021162,231.87.162.81/6,tv,hotstar,Drama,YES
63-6544186,1742101,99-9257750,237.136.150.94/30,tv,sony liv,Action|Crime|Drama,NO
61-1958767,1674059,92-6583014,128.205.107.86/31,tv,sony liv,Horror,NO
80-9737316,1507864,89-6883437,99.22.167.241/25,tv,hotstar,Children|Comedy|Crime|Drama,YES
34-2457803,1191977,77-8725920,83.12.100.223/20,tv,sony liv,Romance|Thriller,NO
12-7449114,1572898,32-1829438,52.10.221.222/2,mobile,sony liv,Horror,NO
55-3909576,1193436,44-3120530,110.213.166.24/31,mobile,hotstar,Action|Comedy|Crime|Drama,YES
96-1926166,1182073,21-7537150,237.120.67.145/5,tab,sony liv,Adventure|Drama|Fantasy|Horror|Sci-Fi,NO
16-3129968,1424965,52-4118656,59.74.5.122/15,tab,hotstar,Action|Comedy|Thriller,YES
75-5516811,1608183,38-8965603,121.120.239.59/3,tv,hotstar,Documentary,YES
40-5853203,1473941,57-7191853,30.76.196.211/8,tv,hotstar,Horror,YES
09-0572266,1540515,46-5877797,146.173.67.106/9,mobile,hotstar,Comedy,YES
53-0076136,1318823,80-3026974,196.64.184.103/16,tv,sony liv,Animation|Horror,NO
45-9331876,1545574,97-3049173,181.209.250.17/22,mobile,sony liv,Drama|Romance,NO
30-7275816,1408229,92-2340367,35.216.254.130/3,tab,hotstar,Comedy|Romance,YES
05-9698867,1605868,79-4168141,188.206.217.85/30,tv,hotstar,Comedy|Drama,YES
55-5086772,1176865,26-6206849,156.196.124.216/11,tv,sony liv,Comedy|Romance,NO
32-9816110,1806619,99-7716667,240.107.94.190/19,tv,sony liv,Action|Romance,NO
66-4754503,1273483,69-2163365,169.12.235.191/11,mobile,sony liv,Drama,NO
15-5307087,1754537,66-3122480,238.106.99.198/16,mobile,hotstar,Action|Adventure|Comedy|Crime|Thriller,YES
92-5732962,1419059,19-5239188,62.190.106.86/21,mobile,sony liv,Drama|Romance,NO
06-1660742,1141822,55-4348297,181.0.130.180/24,tab,sony liv,Drama|Romance,NO
76-6912495,1825588,39-5795432,254.191.164.207/2,tab,hotstar,Horror|Romance|Thriller,YES
16-4812001,1426103,91-1288246,171.129.250.195/16,tv,sony liv,Comedy|Drama|Musical,NO
09-2838397,1227016,54-0116105,137.38.54.50/7,tv,hotstar,Drama,YES
34-7923535,1750981,74-3615152,67.248.0.125/8,tv,sony liv,War,NO
07-2302812,1805732,37-1771423,182.17.31.195/4,mobile,sony liv,Action|Drama|Horror,NO
36-0282127,1144294,85-8678033,51.150.99.245/3,tv,hotstar,Comedy|Crime|Drama,YES
31-8218398,1476733,58-5504022,144.117.78.197/15,tv,hotstar,Documentary,YES
27-8763900,1331656,38-4582799,43.222.192.220/6,tv,hotstar,Children|Mystery|Sci-Fi,YES
36-1382061,1377901,08-8583012,141.123.244.192/14,tab,sony liv,Action|Comedy,NO
47-3235848,1213250,20-5815348,124.95.147.49/8,tab,hotstar,Documentary,YES
45-9584026,1787350,29-9194748,158.108.13.145/3,tv,hotstar,Drama|Romance,YES
19-1927295,1488941,39-2396067,165.205.174.133/20,tv,hotstar,Action|Horror|Sci-Fi,YES
97-1341609,1435055,69-7603524,195.138.111.56/6,tv,hotstar,Drama|Film-Noir|Horror|Mystery,YES
73-9569977,1471101,77-0944685,102.49.212.100/29,tab,sony liv,Comedy,NO
92-9372682,1312020,15-7136816,195.25.15.65/11,tv,sony liv,Action|Adventure|Fantasy,NO
93-1460215,1511094,28-3022848,106.199.13.142/15,tab,sony liv,Drama,NO
87-3395865,1703409,10-8027689,33.15.123.127/18,tv,hotstar,Drama,YES
87-5932167,1663400,19-6564333,115.65.252.155/21,tv,sony liv,Documentary,NO
22-8853933,1632577,88-9655179,29.232.158.225/27,mobile,hotstar,Animation|Children|Fantasy|Musical|Romance|IMAX,YES
54-1470998,1711334,21-3328465,131.210.239.6/4,tv,sony liv,Documentary,NO
30-1687227,1820644,64-9304605,120.119.167.29/6,tv,hotstar,Drama|Romance,YES
38-1837693,1633625,68-6120483,156.208.214.170/12,tab,sony liv,Action|Adventure|Sci-Fi|Thriller|War,NO
25-4664578,1493373,24-4030394,156.4.220.227/29,tv,sony liv,Crime|Drama,NO
06-5108006,1140091,19-5983700,55.107.127.99/8,mobile,hotstar,Action|Sci-Fi,YES
23-3380550,1530567,84-6361311,112.129.205.110/17,mobile,hotstar,Comedy,YES
56-6029842,1560648,74-3393832,20.170.98.120/27,tv,sony liv,Action,NO
25-3629814,1835901,41-2785411,229.135.249.153/2,tv,hotstar,Drama,YES
85-9925197,1446865,04-8370195,182.106.72.29/10,tv,sony liv,Drama,NO
02-7869533,1159806,94-8760109,84.204.23.67/13,tv,sony liv,Drama|Romance,NO
93-7313185,1198484,09-2591760,212.3.67.3/27,mobile,hotstar,Thriller,YES
60-1328559,1900089,96-0682919,191.70.110.56/7,tv,hotstar,Comedy,YES
97-2334122,1466824,78-6717726,96.139.237.224/13,mobile,sony liv,Drama,NO
74-6363815,1428226,98-9612808,230.222.241.213/4,tv,hotstar,Drama|Romance,YES
83-3812672,1590101,14-0120014,174.150.6.157/29,tv,hotstar,Drama|Romance,YES
60-2456905,1655095,89-1310776,158.144.64.202/21,tv,sony liv,Action|Drama,NO
92-1742090,1221103,61-0021233,91.34.190.250/16,laptop,hotstar,Comedy|Drama|Romance,YES
63-4477122,1660809,94-1496116,82.40.182.13/8,tv,hotstar,Drama,YES
80-9265836,1221118,92-4552736,46.249.70.95/22,tv,hotstar,Drama,YES
86-5057244,1462188,67-3291294,89.239.59.245/19,tab,hotstar,Drama|Horror|Thriller,YES
97-1992869,1461535,33-1510140,167.183.228.36/14,tab,hotstar,Crime|Drama,YES
86-5441568,1587786,73-7509358,236.51.136.182/30,mobile,hotstar,Drama|Thriller,YES
92-0385109,1565522,23-6871414,98.223.185.173/6,tv,hotstar,Comedy|Fantasy,YES
20-6835668,1813841,25-3864392,86.91.63.224/29,mobile,hotstar,Action|Comedy|Crime|Drama|Musical|Romance,YES
73-6628162,1393314,60-8075525,106.60.199.36/16,tv,sony liv,Drama,NO
84-3405340,1121764,36-0268983,73.118.32.86/19,tv,hotstar,Comedy|Romance,YES
60-5226132,1147492,27-1031369,190.59.52.23/13,laptop,sony liv,Comedy|Crime,NO
29-8003072,1174819,34-3266203,104.65.27.255/21,tv,sony liv,Drama,NO
38-4053228,1623240,61-6315287,45.158.223.135/13,tv,hotstar,Drama,YES
84-2868487,1766191,38-4319175,97.76.98.133/17,tv,hotstar,Comedy|Drama,YES
59-4787773,1437656,69-4965808,58.43.146.58/5,tv,sony liv,Drama,NO
56-7907327,1225095,78-3798237,201.132.194.155/25,tv,hotstar,Drama,YES
90-8475695,1755656,50-4644630,174.110.76.154/31,tv,hotstar,Comedy,YES
33-5936273,1143716,09-2607867,163.44.145.19/2,mobile,sony liv,Crime|Thriller,NO
15-5298035,1465874,31-7296064,67.130.89.180/23,tv,sony liv,(no genres listed),NO
94-7828165,1661563,54-3550261,9.24.57.242/12,tab,hotstar,Comedy|Drama|Romance,YES
65-5040235,1238022,17-2206525,252.20.171.246/26,mobile,sony liv,Fantasy|Horror|Thriller,NO
60-4520518,1276723,17-5187896,178.137.129.216/9,mobile,hotstar,Action|Comedy|Documentary,YES
06-8528869,1564344,07-3521057,159.188.176.10/2,tab,sony liv,Drama,NO
97-6891446,1774377,77-1775837,66.157.24.220/19,tv,sony liv,Crime|Drama|Thriller,NO
37-1814922,1558926,83-4085166,201.142.52.73/19,mobile,hotstar,Drama|Romance,YES
83-7708892,1555430,96-8885360,249.74.131.108/21,tv,hotstar,Drama,YES
68-4562853,1529020,92-6760347,86.183.159.84/25,mobile,hotstar,Comedy,YES
85-8967241,1291905,28-8722747,104.51.136.9/25,tab,hotstar,Drama,YES
00-6090489,1213257,59-4204836,118.219.55.80/31,tab,sony liv,Comedy|Romance,NO
89-5419702,1388888,28-4897569,230.214.62.255/27,tab,hotstar,Adventure|Drama|Romance,YES
74-6947349,1186232,81-7955248,216.83.11.1/31,tv,hotstar,Comedy|Drama|Romance,YES
94-7303384,1358802,09-2125986,91.209.27.122/10,tab,sony liv,Comedy|Drama|Romance,NO
40-9315253,1703163,43-9190130,201.209.16.154/29,mobile,hotstar,Drama,YES
05-0076534,1581463,26-9744164,16.114.210.58/24,mobile,hotstar,Documentary,YES
94-7212195,1412269,71-2352495,141.82.139.150/19,mobile,hotstar,Documentary,YES
31-8080981,1787696,77-3381113,179.5.7.157/12,tv,hotstar,Drama,YES
16-6191759,1657309,88-4750496,125.218.3.119/28,mobile,hotstar,Adventure|Horror|Sci-Fi,YES
92-0223900,1817813,66-6357323,211.51.215.136/5,mobile,sony liv,Comedy|Romance,NO
98-7415424,1534316,53-8319943,117.133.42.136/13,tab,hotstar,(no genres listed),YES
38-2213101,1304185,56-2165948,227.72.170.90/5,tv,hotstar,Comedy|Horror|Thriller,YES
36-8802750,1714829,64-6119848,88.169.99.15/1,tv,sony liv,Action|Drama|Thriller,NO
00-3469978,1796503,40-4092712,198.196.118.254/10,tv,sony liv,Adventure|Animation|Children|Comedy,NO
23-6323029,1336695,90-2795017,102.233.20.140/8,tv,hotstar,Drama,YES
23-0580308,1879817,10-8003150,181.97.74.169/15,mobile,sony liv,Comedy,NO
60-9241049,1779410,80-2502761,221.101.0.202/20,tab,hotstar,Romance|Thriller,YES
59-4918607,1727640,83-2265976,202.3.140.190/15,tv,hotstar,Horror|Thriller,YES
86-4423118,1119602,04-2144765,235.220.220.225/26,tv,sony liv,Comedy|Drama|Romance,NO
23-2143895,1548375,20-3586540,148.34.105.219/23,tv,sony liv,Drama,NO
59-5987560,1515084,90-5322039,140.25.190.75/1,mobile,hotstar,Comedy,YES
94-8493177,1523394,78-8715062,56.123.86.142/22,tv,sony liv,Sci-Fi,NO
12-7656688,1327436,31-3775113,215.178.214.51/5,tv,sony liv,Comedy|Drama,NO
59-8160774,1769463,01-6085737,121.158.8.126/17,tv,hotstar,Documentary,YES
73-7476711,1454649,67-0264691,70.80.237.105/4,mobile,hotstar,Thriller,YES
97-1088992,1282543,19-9945440,88.208.66.238/30,tv,hotstar,Animation|Sci-Fi,YES
56-7568260,1604148,71-6772690,111.203.226.233/8,tv,sony liv,Comedy|Romance,NO
70-9933708,1461545,52-9788115,30.61.61.192/13,mobile,hotstar,Comedy|Sci-Fi,YES
86-3876118,1579121,86-8473757,205.32.130.145/4,tv,hotstar,Documentary,YES
03-5402670,1662555,98-5788863,35.107.214.34/15,tv,hotstar,Adventure|Fantasy,YES
48-3940793,1451745,65-8342938,252.136.14.178/15,mobile,sony liv,Comedy,NO
09-2115383,1590235,91-7440518,2.249.143.143/31,tv,sony liv,Sci-Fi|Thriller,NO
33-4299086,1610382,45-5824998,51.134.248.104/4,tab,sony liv,Drama|Thriller,NO
96-3089042,1611614,41-3015438,48.91.97.71/21,tab,hotstar,Drama,YES
84-7688300,1790490,96-9490532,22.88.212.98/4,tab,sony liv,Documentary,NO
09-8419825,1396015,10-3066130,17.101.228.80/8,tab,sony liv,Drama,NO
57-3502568,1140019,47-3053501,199.43.120.128/4,mobile,hotstar,Drama,YES
49-5031629,1751876,04-7685797,115.60.40.49/27,tv,hotstar,Action|Comedy,YES
79-9332606,1344543,60-6455812,3.152.203.206/6,tv,hotstar,Drama,YES
48-0166371,1486366,86-8372585,143.102.155.68/11,mobile,hotstar,Comedy|Drama,YES
60-1439197,1862524,36-0641081,184.174.215.183/27,tab,hotstar,Crime|Drama|Mystery,YES
91-3499016,1794199,46-2755086,96.34.81.23/12,tv,hotstar,Drama|War,YES
58-7380407,1114695,30-3060319,238.37.28.200/18,mobile,hotstar,Comedy,YES
13-1734370,1252248,30-8164566,129.155.87.82/16,laptop,hotstar,Documentary,YES
80-7511431,1333603,71-1983907,225.104.76.58/16,tv,hotstar,Thriller,YES
98-4748787,1253927,39-4162900,177.208.54.5/2,tv,sony liv,Action|Drama,NO
87-2119816,1255808,82-9650726,11.103.119.109/30,laptop,sony liv,Adventure|Romance,NO
26-2013870,1777177,14-0963274,158.131.64.210/14,tv,sony liv,Action|Adventure|Comedy,NO
46-3772686,1347859,33-6428721,57.172.227.51/24,mobile,hotstar,Action|Adventure,YES
12-5341139,1179829,41-1231665,114.216.34.97/11,mobile,sony liv,Comedy|Romance,NO
58-0759469,1584896,30-7262097,62.129.54.69/8,mobile,hotstar,Drama|War,YES
14-8334119,1165835,84-2825187,12.86.13.65/16,mobile,hotstar,Action|Adventure|Crime|Sci-Fi|Thriller,YES
22-5687697,1420000,89-4813568,217.36.245.158/11,tv,hotstar,Documentary|Musical,YES
30-8568351,1792340,16-1281036,150.91.218.129/7,tv,hotstar,(no genres listed),YES
04-8044871,1154530,86-3750823,150.72.56.37/4,tv,sony liv,Comedy|Drama,NO
31-0218925,1464283,27-2865990,115.157.237.2/9,tv,sony liv,Drama,NO
95-0314441,1643578,75-9783683,91.90.59.99/20,tv,hotstar,Drama,YES
13-2580706,1724729,22-5113238,193.249.21.175/4,tab,sony liv,Comedy,NO
98-3726322,1305749,42-2202890,150.245.18.8/27,tab,sony liv,Drama,NO
10-4302122,1640580,19-9094343,133.9.178.166/11,tab,sony liv,Drama,NO
91-5727073,1572070,33-3534589,196.215.132.255/13,laptop,hotstar,Adventure|Drama|Western,YES
55-9433395,1719894,90-3679897,87.100.234.217/24,mobile,sony liv,Comedy|Crime|Drama|Western,NO
64-0262001,1179715,06-8043134,194.158.123.238/20,tv,hotstar,Documentary,YES
92-1809298,1648432,42-6167230,106.158.3.26/30,tv,hotstar,Action|Drama,YES
36-1412497,1809085,60-2541826,164.77.56.156/20,tv,sony liv,Documentary,NO
44-6948469,1595096,82-5946593,205.70.25.35/31,tv,sony liv,Children|Fantasy|Sci-Fi,NO
83-1386178,1280201,18-2716870,198.226.249.151/22,mobile,hotstar,Comedy|Drama|Fantasy|Mystery,YES
94-1479262,1512766,91-8960766,198.215.158.90/19,tv,hotstar,Drama,YES
56-0443339,1355440,52-6957373,205.211.143.179/28,laptop,sony liv,Adventure|Animation|Children|Comedy|Fantasy|Sci-Fi|IMAX,NO
56-7351158,1237459,59-8467217,13.151.42.112/31,tv,sony liv,Comedy,NO
82-6768202,1874619,92-8658226,100.204.61.203/10,tv,hotstar,Drama,YES
51-4673231,1867397,46-7887754,174.223.108.42/14,tab,sony liv,Drama,NO
16-3251579,1797961,65-8239448,230.239.141.203/10,tv,sony liv,Horror,NO
24-0561122,1773539,45-2718030,153.20.84.167/12,mobile,sony liv,Drama|Romance,NO
23-4801949,1518424,73-7352875,134.25.62.145/18,mobile,hotstar,Adventure|Animation|Children,YES
98-7231645,1833845,18-7931028,101.15.164.125/31,tab,sony liv,Documentary,NO
76-5152251,1728313,70-4863975,156.83.26.9/12,tv,hotstar,Action|Crime|Drama,YES
75-8084316,1611295,17-6582708,177.186.106.218/9,mobile,sony liv,Action|Crime,NO
19-5169153,1680973,19-4315379,11.52.34.65/31,tv,hotstar,Documentary,YES
95-0888707,1325678,11-2253003,244.250.142.226/9,tab,sony liv,Horror,NO
89-0772163,1566812,13-4093406,135.234.47.206/27,tv,hotstar,Drama,YES
37-6525893,1402031,60-7244350,200.129.46.109/4,tab,sony liv,Comedy,NO
44-0745668,1787792,03-8230309,130.69.12.187/11,tv,hotstar,Adventure|Fantasy|Sci-Fi,YES
34-5566907,1893730,37-6827982,28.173.253.41/8,tv,sony liv,Mystery|Thriller,NO
40-5869432,1391963,54-6591553,203.227.177.150/29,mobile,sony liv,Drama,NO
33-4357531,1359833,10-6952480,196.255.56.173/17,tv,hotstar,Western,YES
13-9621181,1860964,98-2157930,129.154.1.216/27,mobile,sony liv,Action|Adventure|Comedy,NO
06-5693309,1397210,56-9157975,139.32.98.51/17,tab,sony liv,Action|Adventure|Sci-Fi|Thriller|IMAX,NO
29-3905966,1300113,26-4157227,123.208.250.249/3,tv,sony liv,Drama,NO
01-8470313,1121978,50-3667145,135.128.230.245/8,tv,sony liv,Action|Sci-Fi,NO
05-8793333,1625109,75-4657581,184.115.178.51/15,tab,sony liv,Horror|Thriller,NO
59-8616939,1591192,20-7304021,162.144.108.154/2,tv,hotstar,Horror,YES
69-1139056,1439117,38-9756152,247.227.64.188/19,tv,sony liv,Comedy,NO
49-1418551,1597948,56-5769456,146.8.106.46/22,tv,sony liv,Action|Crime|Drama|Thriller,NO
20-5251897,1436931,87-5458068,53.195.125.138/31,mobile,hotstar,Drama,YES
98-7420282,1359864,17-4204271,225.196.227.134/5,tab,hotstar,Drama|Romance,YES
32-2586613,1279507,11-8247386,133.97.8.143/3,tv,sony liv,Romance,NO
03-0850300,1250900,29-2483166,255.159.139.50/17,tv,hotstar,Drama,YES
19-1963040,1672101,18-2766181,33.198.225.244/4,mobile,hotstar,Comedy|Drama,YES
86-6297868,1541522,95-5763973,27.171.30.40/31,mobile,hotstar,Comedy,YES
62-6738659,1542760,67-1978598,119.244.57.237/24,tab,sony liv,Documentary,NO
49-1790375,1312890,61-8396607,192.204.62.104/1,tab,hotstar,Comedy|Drama,YES
46-1633058,1575976,67-8919576,123.120.42.175/30,mobile,sony liv,Documentary,NO
35-1026078,1300737,98-9211171,91.8.44.52/14,tab,sony liv,Comedy|Crime|Drama,NO
98-2748343,1579354,11-3685520,89.108.200.167/22,mobile,hotstar,Drama|Romance|War,YES
68-3225576,1165396,99-7443494,183.83.113.222/24,tv,hotstar,Drama|Romance,YES
76-3748301,1845999,15-6198676,121.153.91.125/22,tv,hotstar,Documentary,YES
16-2211764,1836203,11-5530776,137.168.65.76/30,mobile,hotstar,Comedy|Drama,YES
82-7228477,1796884,11-3302869,242.111.59.79/4,mobile,sony liv,Documentary,NO
05-9091496,1545916,48-8136217,192.237.171.190/19,tab,sony liv,Comedy|Drama,NO
21-7157247,1666376,93-3700207,142.39.29.80/11,laptop,sony liv,Drama,NO
93-1144867,1337077,87-6033543,196.23.111.190/21,mobile,sony liv,Comedy|Horror|Romance,NO
97-5467840,1670246,79-0520420,110.114.60.89/19,tv,sony liv,Drama|War,NO
28-3140558,1112826,79-4300907,188.113.60.101/26,tv,hotstar,Adventure|Drama,YES
40-1344313,1321430,59-4742912,173.162.67.49/22,tv,hotstar,Drama,YES
39-2387910,1602400,81-7732751,77.169.90.141/9,mobile,sony liv,Drama,NO
79-7111953,1381249,62-3847353,80.160.159.75/27,mobile,sony liv,Crime|Drama|Romance,NO
61-7544810,1815409,40-2505210,149.128.128.154/15,mobile,hotstar,Animation|Drama|Sci-Fi|IMAX,YES
24-2057176,1762049,83-9851822,56.110.47.254/29,tv,sony liv,Drama,NO
61-6398197,1776853,58-9467908,146.7.12.206/12,tab,hotstar,Horror|Sci-Fi,YES
75-6449287,1234944,97-7165042,37.3.195.154/2,tv,hotstar,Sci-Fi,YES
21-0036310,1185915,57-4296207,140.246.79.136/21,tab,sony liv,Action|Comedy|Crime,NO
14-4882102,1355416,95-9895170,71.30.250.202/29,tv,sony liv,Drama|Romance,NO
36-4362359,1736265,38-9972993,82.190.207.126/11,tv,hotstar,Drama,YES
14-1742839,1258426,57-6373597,44.253.209.239/27,tv,hotstar,Children|Fantasy,YES
78-7655351,1836234,70-7714893,212.163.213.253/24,mobile,sony liv,Comedy,NO
09-5804529,1296879,84-8172459,3.166.110.190/9,tab,sony liv,Drama,NO
98-6963480,1438110,45-9243822,228.131.34.254/15,mobile,sony liv,Crime|Drama,NO
32-0871169,1667627,65-8670150,58.253.8.116/16,laptop,sony liv,Comedy,NO
73-8504115,1862061,43-6020172,131.174.24.36/9,laptop,sony liv,Drama|Thriller,NO
64-1646218,1164275,01-2571294,171.184.197.253/22,tv,hotstar,Action|Crime|Drama|Thriller,YES
21-6543717,1863760,25-4503275,201.68.85.11/18,mobile,sony liv,Drama,NO
94-2657686,1199639,99-1971004,42.105.234.62/26,tv,hotstar,Adventure|Children|Drama,YES
13-7900276,1774959,08-6339866,33.233.20.108/13,mobile,sony liv,Action|Crime|Drama|Romance|Thriller,NO
37-6355883,1388041,56-3247849,163.195.35.31/11,tv,sony liv,Comedy|Crime,NO
66-2266034,1210884,75-0908834,244.133.22.72/18,mobile,hotstar,Western,YES
27-6219542,1365814,61-5099771,176.173.3.107/31,tv,hotstar,Drama|War,YES
94-8072574,1115087,71-0682238,97.220.244.57/5,tv,hotstar,Musical,YES
35-1444544,1875951,30-6493420,196.197.142.95/26,tv,hotstar,Comedy,YES
73-1085262,1243348,00-1125610,66.220.211.172/12,tv,hotstar,Drama|Sci-Fi,YES
59-5143997,1178393,10-8764054,114.10.211.2/12,tv,sony liv,Horror|Mystery,NO
17-4124263,1500502,97-2196110,119.8.82.35/18,tv,hotstar,Drama|Romance,YES
67-3928954,1892811,31-3070018,2.74.232.199/15,tv,sony liv,Comedy,NO
75-7623184,1441760,10-0559658,128.179.184.58/16,mobile,hotstar,Comedy|Musical,YES
51-5839152,1738676,14-9005798,78.114.51.144/7,tab,hotstar,Horror|Thriller,YES
36-9452373,1217305,48-2628572,196.169.45.215/20,tv,hotstar,Sci-Fi|Thriller,YES
68-5113999,1662684,94-3210623,240.220.40.6/1,mobile,hotstar,Drama,YES
02-4867094,1586917,43-6556039,78.108.97.167/8,mobile,sony liv,Comedy|Horror,NO
57-6965390,1754897,41-2472534,215.181.99.208/9,tv,hotstar,Comedy,YES
61-6345539,1857539,45-3039653,87.239.25.107/1,mobile,sony liv,(no genres listed),NO
74-4205281,1463541,97-1258362,110.203.252.137/31,mobile,sony liv,Crime|Mystery|Romance|Thriller,NO
90-8508616,1607360,16-2053396,111.200.127.216/27,tv,sony liv,Adventure|Comedy|Drama,NO
85-9182453,1343586,12-6871319,128.35.54.182/2,laptop,hotstar,Drama|Horror,YES
75-5704913,1109612,36-4491177,69.186.11.57/10,tv,sony liv,Crime|Drama|Thriller,NO
32-1106546,1432750,65-0948238,10.229.201.178/13,tv,sony liv,Action|Comedy|Crime,NO
89-9080187,1902302,29-3555153,169.135.82.222/13,mobile,hotstar,Horror,YES
03-9796310,1519801,62-2449388,6.122.223.88/3,tv,hotstar,Drama,YES
09-3820642,1312718,72-7628784,7.1.168.235/20,mobile,sony liv,Comedy,NO
37-3998780,1554006,18-5393784,118.228.3.88/14,tv,hotstar,Drama,YES
48-9637999,1492967,56-9908381,50.201.14.93/15,laptop,sony liv,Adventure|Drama|War,NO
10-6882130,1442676,99-3602622,101.130.222.34/23,tv,sony liv,Horror,NO
13-0881464,1378210,41-5099521,232.170.27.45/12,mobile,hotstar,Crime|Drama|Mystery|Thriller,YES
41-5615822,1774767,46-2174883,148.9.115.160/14,tv,hotstar,Adventure|Drama,YES
29-6334625,1635448,63-4770910,24.252.117.136/4,tv,hotstar,Drama,YES
70-5099486,1143985,36-8153268,83.217.182.151/11,tab,hotstar,Drama,YES
27-3610464,1670066,37-6016466,87.96.84.233/22,tv,hotstar,Comedy|Documentary,YES
92-2738524,1466670,50-3600265,37.145.36.220/2,tv,hotstar,Drama,YES
03-9903324,1447929,62-9708304,141.34.56.211/17,tv,hotstar,Action|Comedy|Western,YES
27-0006907,1618937,42-4633198,237.176.209.118/30,tv,hotstar,Comedy|Drama,YES
10-4186471,1873573,51-3031536,46.184.212.102/2,tv,sony liv,Comedy,NO
28-4513307,1830977,51-4453404,169.53.255.172/10,tv,hotstar,Comedy|Drama|Romance,YES
46-4779008,1612355,90-9624375,3.56.51.20/20,mobile,hotstar,Documentary,YES
15-4400299,1165234,89-2016466,60.168.121.225/16,tab,sony liv,Comedy|Romance,NO
42-8004828,1825343,65-3266124,0.79.35.199/25,tab,hotstar,Sci-Fi|Thriller,YES
54-9913677,1307369,67-9175583,93.38.67.162/15,mobile,hotstar,Comedy|Romance,YES
79-3265240,1403127,64-6834317,9.162.38.166/12,mobile,hotstar,Animation|Children|Comedy|IMAX,YES
27-8116724,1852152,72-8448223,165.98.198.117/18,mobile,hotstar,Comedy|Drama,YES
75-1434945,1510937,57-6490540,47.18.13.236/21,mobile,sony liv,Documentary,NO
40-3117412,1354791,17-9847991,14.99.228.104/18,mobile,sony liv,Adventure|Drama,NO
90-5031740,1841389,87-9447207,17.28.218.162/5,mobile,hotstar,Action|Adventure|Sci-Fi|IMAX,YES
72-0999935,1854199,32-4063078,22.202.52.7/6,mobile,sony liv,Fantasy|Horror|Thriller,NO
51-4393412,1256236,88-4770141,174.159.100.3/5,tv,hotstar,Documentary,YES
27-0609335,1503339,09-2763251,49.24.89.219/5,mobile,sony liv,Comedy|Drama,NO
26-7564896,1500594,87-5244626,5.37.182.68/24,mobile,sony liv,Comedy|Romance,NO
52-0537764,1462065,22-1754986,13.120.64.179/4,laptop,hotstar,Action|Sci-Fi,YES
13-0803287,1474361,62-2900804,211.172.123.154/15,tv,sony liv,Documentary,NO
95-2792309,1764990,71-2594264,190.90.152.198/22,tv,sony liv,Action|Sci-Fi,NO
32-7878853,1621121,77-0999336,169.37.219.201/20,mobile,sony liv,(no genres listed),NO
73-3999135,1365958,34-8870374,83.188.210.123/31,tv,sony liv,Drama,NO
69-5931463,1630681,53-1754187,211.63.213.103/14,tv,hotstar,Drama|War,YES
07-2456299,1448317,63-8637441,113.253.13.84/26,tv,hotstar,Comedy,YES
75-4587321,1744762,52-8761426,247.51.10.74/4,mobile,sony liv,Drama|Musical,NO
56-0163036,1655690,17-5798623,74.106.247.86/17,mobile,hotstar,Drama,YES
84-9882813,1210184,00-7268092,5.141.161.183/30,laptop,sony liv,Documentary,NO
65-7938931,1113231,90-0078556,106.11.26.58/5,tv,hotstar,Comedy,YES
72-2733470,1476817,38-4434474,221.210.134.174/14,mobile,hotstar,Documentary,YES
92-3361915,1143908,62-5398714,29.16.144.241/11,tv,hotstar,Documentary,YES
51-8643945,1239641,54-2942377,64.209.24.109/7,mobile,sony liv,Comedy|Drama,NO
76-5967079,1826580,48-0213255,19.215.15.3/10,mobile,hotstar,Crime|Drama|Mystery,YES
72-7082860,1826763,36-3532788,235.223.231.23/11,mobile,sony liv,Horror|Thriller,NO
94-9134260,1747933,48-5002789,50.127.241.124/11,mobile,sony liv,Drama,NO
07-1732116,1257777,98-7409250,105.71.174.212/21,mobile,sony liv,Adventure|Fantasy,NO
71-8313950,1687945,51-5882015,111.223.204.98/18,tab,hotstar,Drama|Film-Noir,YES
06-1057481,1513000,57-7890762,43.137.86.43/8,laptop,sony liv,Comedy,NO
72-5973761,1502591,22-2328025,222.208.32.68/29,tv,sony liv,Western,NO
16-8533299,1886102,06-7675193,49.117.183.144/28,tv,sony liv,Adventure|Animation|Children|Fantasy|Musical|Romance,NO
89-8340436,1597354,27-2344088,249.192.226.24/20,tab,hotstar,Drama|Romance,YES
40-1263343,1391760,49-6655887,152.149.159.133/29,laptop,sony liv,Adventure|Animation|Children|Comedy,NO
13-8787764,1883131,16-8936949,8.197.200.231/16,tv,sony liv,Comedy|Horror|Thriller,NO
51-5756939,1679090,36-5838217,235.106.63.199/9,tab,sony liv,Fantasy|Romance|Sci-Fi,NO
10-8770306,1784512,49-9177435,13.170.243.109/17,tv,sony liv,Drama|Romance,NO
34-5691354,1326708,80-0305188,26.107.211.37/16,tab,sony liv,Comedy|Drama|Romance,NO
13-6139931,1443796,78-0848191,91.131.79.96/25,tv,hotstar,Horror|Sci-Fi|Thriller,YES
43-0854829,1862135,02-6987475,12.175.86.119/9,tv,sony liv,Drama|Romance,NO
94-4733680,1432788,58-7415766,211.198.234.84/19,tv,sony liv,Comedy|Drama,NO
57-1381061,1707666,08-3851091,162.66.203.246/12,tv,hotstar,Drama,YES
78-6968069,1349046,10-6516442,242.114.144.13/3,tv,sony liv,Action|Sci-Fi,NO
32-1414252,1640552,01-1601854,67.7.194.28/30,tv,hotstar,Comedy|Documentary,YES
07-8466736,1532989,05-7096652,62.161.72.32/2,mobile,hotstar,Comedy|Drama,YES
32-0033962,1300927,51-8921718,151.162.165.173/5,mobile,sony liv,Comedy|Documentary,NO
42-5405401,1684799,03-3209692,200.30.71.250/4,tv,hotstar,Documentary,YES
20-5519219,1736925,83-2317357,147.248.21.129/12,tab,hotstar,Animation|Children|Comedy,YES
50-9416151,1156429,09-1090590,106.92.160.199/22,mobile,hotstar,Documentary,YES
09-6872238,1495594,96-6502177,136.188.43.142/11,mobile,sony liv,Adventure|Comedy|Fantasy|Musical|Romance,NO
67-0338937,1732994,66-9449396,165.63.37.187/12,tab,hotstar,Action|Comedy|Crime,YES
95-0123184,1532977,01-7739461,77.226.84.74/10,mobile,sony liv,Drama,NO
13-9033337,1452733,37-2212556,79.247.10.108/13,laptop,sony liv,Drama,NO
27-9835997,1304536,30-5811466,129.99.104.247/9,mobile,sony liv,Action|Drama|Romance,NO
79-1170516,1892638,95-0333057,234.205.84.176/11,mobile,hotstar,Action|Crime|Drama|Thriller,YES
16-7406497,1175174,96-6923018,102.58.220.166/10,tv,sony liv,Drama,NO
96-6383839,1360939,40-5755248,247.132.219.247/4,tv,sony liv,Drama,NO
53-9753161,1637887,86-4765762,86.45.23.174/23,tv,hotstar,Horror|Mystery|Thriller,YES
85-7794962,1126684,12-6882235,223.172.144.139/11,mobile,hotstar,Drama|Romance,YES
32-4690268,1476071,25-0424538,174.39.47.25/19,tab,hotstar,Comedy,YES
94-3892184,1764381,16-7259968,136.127.112.112/3,tab,hotstar,Action|Adventure|Drama,YES
88-0264463,1654707,34-0611150,112.210.146.15/6,mobile,sony liv,Musical,NO
72-8130256,1504819,21-3333438,154.74.66.102/27,tv,hotstar,Comedy,YES
91-5287720,1680877,35-3470184,105.99.10.92/6,mobile,hotstar,Animation|Comedy|Sci-Fi,YES
35-9525987,1439887,84-5590475,98.33.251.59/15,mobile,sony liv,Drama|Horror|Mystery|Thriller,NO
90-0922827,1237671,19-9684664,142.24.195.62/14,tv,sony liv,Comedy,NO
96-6494793,1352279,02-8007944,41.254.234.79/23,tv,hotstar,Drama|Western,YES
44-2545149,1409197,49-7418849,38.208.73.75/2,mobile,hotstar,Drama|Horror,YES
23-3408762,1448066,85-2773485,109.244.61.41/29,mobile,sony liv,Comedy|Musical,NO
79-9290667,1337177,99-9407061,129.45.185.12/21,mobile,hotstar,Drama,YES
85-1039923,1199661,63-9617453,249.4.117.202/23,mobile,sony liv,Action|Crime|Drama,NO
84-0400032,1483329,03-6638437,221.89.0.237/23,mobile,sony liv,Documentary,NO
64-2090625,1401525,51-4575581,143.97.154.117/26,mobile,sony liv,Documentary,NO
07-6161922,1869013,80-9966552,84.221.15.171/3,tv,sony liv,Documentary,NO
37-9442073,1611783,12-2563876,206.69.219.194/21,tv,hotstar,Comedy|Drama,YES
35-3148683,1837760,06-1056768,50.128.95.89/18,tab,sony liv,Documentary,NO
85-4736960,1844813,94-8605708,61.46.220.196/18,tv,hotstar,Drama,YES
40-6433545,1554792,95-3963646,237.236.154.166/17,tv,hotstar,Drama,YES
75-3416621,1771489,64-3197163,7.120.231.164/28,tv,sony liv,Comedy,NO
27-5263101,1241112,46-4918173,80.220.198.206/1,tv,hotstar,Action|Crime|Thriller,YES
30-2841039,1770970,17-9751709,4.9.13.63/13,mobile,sony liv,Documentary,NO
35-3311478,1373246,00-3679469,218.206.191.158/31,tv,hotstar,Action|Comedy,YES
91-9672676,1509620,46-0137321,117.243.183.181/1,tv,sony liv,Drama,NO
22-8438530,1142576,73-2640910,240.228.222.21/27,tab,sony liv,Action|Western,NO
70-0840280,1671068,35-6087850,85.192.145.18/13,mobile,hotstar,Documentary,YES
48-0389177,1538199,63-2294502,30.229.59.90/5,tv,hotstar,Documentary,YES
39-4031444,1482554,20-1840939,233.146.173.245/8,tv,sony liv,Animation|Children|Comedy|Musical,NO
88-1047164,1516876,99-4957066,154.176.109.90/3,tv,hotstar,Horror|Thriller,YES
98-4921860,1586174,76-2647102,15.87.181.76/31,mobile,hotstar,Comedy|Drama,YES
77-2143203,1168229,30-2886516,164.203.19.4/16,tv,sony liv,Action|Crime|Thriller,NO
22-9782705,1441925,20-8311779,21.112.199.81/22,tv,sony liv,Comedy|Drama|Musical,NO
99-6534598,1662345,83-9511910,20.78.234.191/4,mobile,sony liv,Comedy|Western,NO
65-0372583,1649933,15-5292007,237.187.234.251/21,tab,hotstar,Fantasy|Horror|Thriller,YES
91-2512252,1168468,40-7779319,13.133.135.201/28,tv,hotstar,Drama|Romance,YES
04-7471664,1875015,59-9941768,12.74.219.72/27,mobile,sony liv,Horror|Sci-Fi,NO
48-2092011,1273850,28-7646562,14.113.250.7/25,laptop,sony liv,Drama|Romance,NO
89-3777063,1345875,02-3027244,96.47.181.67/13,tv,sony liv,Drama|Mystery|Thriller,NO
27-0365169,1774355,09-3455654,2.132.63.209/21,tab,hotstar,Fantasy|IMAX,YES
20-3033966,1626519,32-1109350,1.178.133.23/3,tv,hotstar,Action|Crime,YES
38-1601194,1321826,95-5798715,138.49.137.178/16,mobile,sony liv,Drama|Thriller,NO
72-5007303,1412577,21-3838164,28.142.210.218/8,tab,sony liv,Crime|Thriller,NO
78-6308034,1514997,34-6081136,152.53.193.120/26,tab,hotstar,Western,YES
97-4871751,1209193,38-1947662,103.111.31.245/7,tv,hotstar,Drama|Thriller,YES
70-4646215,1656838,65-6961890,176.133.32.129/13,tv,hotstar,Comedy,YES
02-5373522,1381175,74-6198554,121.180.217.203/8,tv,sony liv,Adventure|Comedy|Horror,NO
41-6439111,1430426,69-6546310,166.177.185.185/5,mobile,sony liv,Drama|Film-Noir,NO
94-2455742,1776816,83-7742831,173.122.251.77/24,mobile,hotstar,Horror|Sci-Fi|Thriller,YES
24-2077042,1178282,98-3446615,10.128.72.167/13,mobile,sony liv,Action|Adventure|Animation|Sci-Fi,NO
29-3981076,1657898,40-1755650,193.85.167.177/26,mobile,hotstar,Drama,YES
24-0960737,1629275,62-7017382,200.148.89.112/12,tv,sony liv,Drama,NO
44-2210095,1846282,44-6381578,57.117.31.100/9,tv,sony liv,Documentary,NO
57-5215638,1607876,84-3674725,106.188.210.92/9,mobile,sony liv,Action|Horror|Sci-Fi,NO
09-5391721,1735719,73-8485707,91.14.134.251/2,tv,sony liv,Comedy|Documentary|Drama,NO
94-9301493,1516902,95-9616173,109.32.63.51/10,tv,sony liv,Documentary|Musical,NO
84-7772723,1127273,48-5589528,193.115.134.65/1,tv,sony liv,Drama,NO
71-3648307,1789670,07-8616801,90.100.222.118/2,tv,hotstar,Drama|Fantasy|Sci-Fi,YES
16-2426565,1215142,72-2226017,181.37.68.56/30,mobile,hotstar,Action|Crime|Mystery|Thriller,YES
17-6100367,1346719,40-2890386,110.231.87.129/20,mobile,hotstar,Horror,YES
83-7292094,1280395,30-8197519,53.50.100.60/8,tv,hotstar,Action|Drama,YES
80-0917944,1695246,61-3199400,119.35.26.71/28,mobile,hotstar,Drama,YES
78-0500651,1372926,90-6752936,21.117.175.73/28,mobile,sony liv,(no genres listed),NO
83-1726218,1314021,80-5334015,82.65.179.174/10,tab,sony liv,Drama,NO
16-0651860,1152616,41-7884135,123.79.69.147/28,tv,hotstar,Comedy,YES
84-6873857,1849511,62-6483507,168.176.64.165/14,tab,hotstar,Documentary,YES
70-2603720,1153145,51-3377978,19.237.34.122/12,mobile,hotstar,Drama,YES
82-9477014,1532256,47-7896182,42.163.179.71/13,tv,hotstar,Crime|Drama|Mystery,YES
33-6817639,1392809,82-1134516,170.113.74.244/1,tab,hotstar,Comedy,YES
01-9906387,1619368,30-9614379,200.45.227.20/7,laptop,sony liv,Horror|Sci-Fi|Thriller,NO
92-4391578,1133947,14-8584527,251.157.169.184/12,tv,sony liv,Documentary,NO
52-2405582,1169619,32-9565999,129.112.7.167/31,mobile,hotstar,Documentary,YES
84-0534414,1215207,39-1615668,206.224.164.177/31,tv,hotstar,Drama,YES
23-0624291,1349113,21-8376562,212.8.39.50/1,mobile,hotstar,Drama,YES
86-2476734,1188964,97-1105202,104.36.50.8/24,tv,sony liv,Drama|Romance,NO
60-3343994,1695402,91-6694270,171.232.65.242/8,tv,hotstar,Comedy|Crime,YES
42-1803894,1183707,84-2274034,44.5.98.213/8,mobile,hotstar,Drama,YES
97-3747100,1216943,34-7141391,37.32.58.246/27,mobile,sony liv,Crime|Drama|Romance,NO
74-8567769,1782832,64-7190528,32.2.67.196/24,mobile,sony liv,Action|Fantasy|Horror,NO
85-7124230,1892474,18-6167312,5.66.245.88/9,mobile,sony liv,Children|Drama,NO
00-5199735,1652800,88-3230837,38.147.92.127/4,tab,sony liv,Action|Adventure,NO
39-0440031,1643428,68-5621352,177.188.48.114/14,tv,sony liv,Adventure|Children|Fantasy|Musical,NO
71-8352687,1221330,23-9580308,221.190.37.234/1,tab,sony liv,Drama,NO
28-9905918,1106688,89-0143898,211.91.5.113/28,tv,hotstar,Horror|Thriller,YES
55-3521606,1264018,79-7341787,213.120.173.17/27,tv,hotstar,Western,YES
82-4464444,1412879,02-6829267,86.7.80.14/18,mobile,hotstar,Comedy|Musical|Romance,YES
05-3684438,1165210,28-0693897,155.102.104.35/12,tv,sony liv,Drama|Horror|Mystery|Thriller,NO
44-4279153,1399194,01-8308026,80.41.188.182/24,mobile,hotstar,Comedy|Drama|Romance,YES
58-0795877,1833657,03-6731509,213.113.74.94/17,tv,hotstar,Documentary|Musical,YES
61-6253271,1292645,25-0371612,182.143.172.13/24,tv,sony liv,Comedy|War,NO
76-8777415,1536162,86-6921733,77.7.185.155/29,mobile,sony liv,Adventure|Children|Fantasy,NO
97-7847413,1668971,41-8969395,76.217.170.42/24,mobile,hotstar,Comedy,YES
53-9369507,1216844,75-6839485,112.187.96.100/3,tv,hotstar,Horror,YES
32-1586545,1601024,62-7907214,230.81.217.52/25,tv,sony liv,Crime|Drama|Thriller,NO
89-3581388,1391686,23-3823818,144.8.173.186/30,mobile,hotstar,Drama,YES
69-6025609,1504217,40-2024213,76.49.163.254/22,tv,sony liv,Action|Comedy|Horror|Thriller,NO
41-0955795,1800745,31-4202584,218.250.200.136/29,tv,hotstar,Drama,YES
58-4920272,1282922,40-6124546,114.32.46.123/27,mobile,hotstar,Adventure|Drama,YES
42-7853129,1837579,87-0261749,51.71.7.219/17,tv,hotstar,Comedy,YES
60-9385442,1612689,48-4709429,253.111.55.198/20,tv,hotstar,Drama|Film-Noir,YES
56-5275913,1746834,07-4420987,224.244.158.51/25,tab,hotstar,Action|Drama,YES
32-5775556,1708009,15-2194622,44.62.56.178/5,tab,sony liv,Action|Drama|Sci-Fi|Thriller,NO
61-4058725,1331312,14-4689725,33.179.60.146/29,tab,sony liv,Comedy|Romance,NO
60-8533336,1621486,06-3525155,154.99.145.70/27,tab,hotstar,Drama,YES
71-3272807,1868234,21-7045890,100.14.1.39/25,tv,hotstar,Comedy,YES
67-5430628,1358207,89-0423259,224.122.101.63/25,tab,hotstar,Action|Crime|Thriller,YES
33-8025797,1888759,46-9561966,130.93.214.245/9,tv,hotstar,(no genres listed),YES
15-4837260,1239673,31-5628579,15.172.149.39/26,mobile,hotstar,Horror,YES
41-7217892,1691986,62-8132177,218.95.180.145/26,tv,hotstar,Comedy,YES
77-8186050,1298469,70-8260104,200.236.122.232/21,mobile,sony liv,Thriller,NO
93-3756555,1197388,80-9427240,23.35.134.98/30,tab,hotstar,Comedy|Drama|Fantasy,YES
12-6856018,1721124,69-9314446,27.218.255.147/27,tv,hotstar,Drama|Film-Noir|Mystery,YES
22-0106068,1462018,05-6773621,250.25.55.167/19,tv,sony liv,Drama|Romance,NO
70-9432019,1235848,20-5643953,3.39.91.196/19,mobile,sony liv,Comedy|Drama,NO
17-1172475,1714471,86-9118741,113.27.85.214/30,mobile,sony liv,Comedy,NO
41-9156847,1425297,10-9914243,24.167.146.151/18,tv,hotstar,Crime|Drama,YES
33-2519636,1325035,65-9903194,221.27.220.210/1,tv,hotstar,Drama,YES
88-5966351,1537731,80-6662305,147.50.150.235/9,tv,sony liv,Drama,NO
88-0030803,1175864,13-6399648,206.84.32.15/13,mobile,hotstar,Action|Crime|Drama|Thriller,YES
24-1368002,1278263,51-8703234,28.222.138.131/19,tv,hotstar,Action|Adventure|Sci-Fi|IMAX,YES
61-5831836,1700305,24-3540135,137.158.51.57/9,mobile,sony liv,Documentary,NO
17-1124676,1730881,69-9849987,122.124.103.116/15,mobile,sony liv,Comedy,NO
73-9778100,1687239,89-1314125,221.134.39.209/14,mobile,sony liv,Documentary,NO
98-9949850,1291883,41-8530986,9.173.29.81/7,tv,hotstar,Crime|Drama|Thriller,YES
90-5404123,1876616,13-1988756,197.70.1.145/15,tv,sony liv,Crime|Drama|Film-Noir,NO
00-2384001,1888544,37-4924398,105.83.8.241/23,tv,hotstar,Comedy|Musical,YES
00-5214815,1185509,59-0417022,68.249.29.219/13,tab,hotstar,Documentary,YES
35-3754011,1114818,81-7198697,144.221.119.221/27,mobile,hotstar,Comedy|Drama|Romance,YES
88-6684960,1410684,14-6249031,242.98.60.247/27,tv,sony liv,Comedy|Drama|Fantasy|Musical,NO
82-6253380,1129775,56-1360081,242.199.1.73/11,tv,hotstar,Drama,YES
47-3008256,1113703,80-9802267,143.58.251.254/24,tv,hotstar,Documentary,YES
18-9613787,1458796,50-7408916,155.81.177.129/14,mobile,sony liv,Adventure|Comedy|Fantasy,NO
48-8128604,1859102,03-7675734,43.70.176.220/21,laptop,sony liv,Crime|Drama|Thriller,NO
06-5063057,1105364,74-5559366,95.208.52.158/31,mobile,hotstar,Drama|Musical,YES
30-6663873,1552102,42-0598838,200.241.155.38/20,tv,hotstar,Action|Drama,YES
64-6310512,1768642,31-7760450,0.221.165.245/30,tv,sony liv,Drama,NO
85-2537886,1545112,15-1984936,116.243.118.108/28,tab,sony liv,Drama,NO
69-9114491,1617637,63-3072771,193.22.247.166/28,tab,hotstar,Animation|Children|Comedy,YES
92-0892976,1569484,93-0187838,212.126.164.199/30,tv,hotstar,Drama,YES
27-9429989,1372040,96-2215323,49.121.215.182/26,mobile,hotstar,Drama|Horror|Thriller,YES
58-1033012,1889303,04-4499200,8.3.174.170/27,mobile,hotstar,Drama|Romance,YES
55-6633054,1414229,09-7741790,103.150.219.6/16,tv,sony liv,Horror,NO
93-1557571,1251047,74-4091770,166.134.196.98/12,tab,hotstar,Comedy|Drama,YES
40-4266051,1755345,43-4418600,0.39.130.104/11,tv,sony liv,Comedy|Horror|Mystery|Sci-Fi,NO
99-5487161,1228039,60-2554144,192.65.215.59/25,tv,sony liv,Action|Drama,NO
07-2234061,1675569,57-1358196,67.237.48.185/3,laptop,hotstar,Drama,YES
10-7450222,1258889,19-3858522,169.236.114.211/25,tab,sony liv,Comedy|Drama,NO
67-9561902,1873693,02-9475519,129.187.252.201/12,tv,hotstar,Action|Crime|Thriller,YES
75-7430155,1513715,45-4247912,117.125.240.93/20,tv,hotstar,Drama,YES
78-2936759,1609859,95-8464322,94.204.85.218/1,tv,sony liv,Adventure|Animation|Sci-Fi,NO
61-4192872,1867602,40-7406696,0.102.188.104/13,tv,sony liv,Action|Crime|Drama|Thriller,NO
23-4247218,1631439,83-0989144,210.165.31.200/21,tv,sony liv,Comedy,NO
61-4525411,1739359,61-0547593,32.248.95.39/11,tab,sony liv,Drama,NO
43-9656729,1487299,04-8621084,150.93.192.59/21,mobile,hotstar,Drama|Thriller,YES
04-7982179,1713111,84-0921793,223.211.10.176/4,mobile,hotstar,Drama,YES
27-9970628,1207751,65-5627320,232.83.158.253/18,tab,hotstar,Documentary,YES
31-2824893,1848913,26-4684973,92.165.11.156/11,mobile,hotstar,Action|Thriller,YES
90-1344586,1366939,13-4210390,2.53.43.73/19,tv,hotstar,Comedy,YES
28-2296451,1109861,61-0791756,212.181.154.252/4,tv,hotstar,Comedy,YES
76-3410012,1662902,71-8494887,23.115.164.80/16,tv,sony liv,Drama,NO
87-7287787,1434140,62-7574850,12.166.61.77/28,tab,hotstar,Horror|Sci-Fi,YES
93-7656021,1310244,01-1623673,102.62.25.82/23,mobile,sony liv,Documentary,NO
24-2142857,1455390,65-6790584,15.19.87.210/8,mobile,hotstar,Comedy|Romance,YES
93-9052836,1436351,51-0646743,233.233.13.180/17,tv,sony liv,Action|Comedy|Sci-Fi|Thriller,NO
33-2937097,1771663,13-3700058,192.139.197.228/29,tab,hotstar,Comedy|Drama,YES
30-6412863,1646485,34-5668937,86.186.109.187/19,mobile,hotstar,Drama,YES
86-0043651,1113817,35-5109450,104.174.29.7/7,tv,hotstar,Comedy|Drama|Fantasy,YES
25-9806441,1834364,40-8312606,67.123.67.250/12,tv,hotstar,Drama,YES
26-5675784,1170672,53-6678692,163.114.17.203/13,tv,sony liv,Comedy,NO
64-6790483,1300764,51-8060570,174.98.207.129/27,tab,hotstar,Action,YES
13-6802953,1725992,20-3694360,171.47.153.233/7,tv,hotstar,Drama|Horror|Mystery|Thriller,YES
86-0331600,1864186,41-1956116,39.68.95.14/29,mobile,hotstar,Drama,YES
87-1328820,1596340,05-2719409,203.70.67.174/25,tv,sony liv,Crime|Drama|Thriller,NO
95-0751367,1226103,76-5354253,192.25.75.10/22,tv,hotstar,Action|Crime|Thriller,YES
23-9499356,1225173,04-4324386,149.168.220.187/4,tab,sony liv,Crime|Drama,NO
02-9128332,1632164,54-6072611,80.152.237.252/1,mobile,sony liv,Drama,NO
59-3433540,1227188,66-9047736,38.204.69.98/28,tv,sony liv,Comedy|Crime|Drama|Romance,NO
19-4985930,1529209,29-6771708,253.245.131.189/17,tv,hotstar,Action|Crime|Mystery|Thriller,YES
82-4990200,1324304,57-4239084,128.181.171.43/28,tv,sony liv,Drama|Horror,NO
22-3111479,1331183,42-2542084,26.113.6.66/19,mobile,sony liv,Comedy,NO
07-3553541,1296225,10-4095786,115.146.76.110/13,tv,sony liv,Sci-Fi,NO
59-9531542,1527920,11-8534031,157.241.149.140/30,tv,hotstar,Children|Comedy,YES
39-8426349,1319710,44-4894892,138.143.147.133/13,tab,hotstar,Drama,YES
48-8093062,1649832,17-2037823,131.193.206.117/7,mobile,hotstar,Action|Adventure|Fantasy|Thriller,YES
72-7326660,1282362,84-5460506,209.158.211.195/12,tv,sony liv,Comedy,NO
60-3300325,1148187,58-0757490,184.156.91.146/17,laptop,hotstar,Drama|Fantasy,YES
49-3451987,1609255,61-2491451,160.35.236.138/30,tv,sony liv,Documentary,NO
99-8813039,1752833,76-5489258,144.108.154.115/24,tv,hotstar,Comedy|Thriller,YES
87-9828834,1865216,64-7711779,115.6.74.122/10,tv,hotstar,Comedy|Drama|Romance,YES
07-8587740,1313830,17-6604165,104.214.135.46/5,tv,hotstar,Comedy|Musical,YES
22-2986310,1731499,12-7149844,231.123.122.110/6,tab,sony liv,Crime|Drama|Thriller|War,NO
77-1020400,1209302,25-1192481,70.227.126.81/22,tv,hotstar,Drama,YES
31-7266947,1714483,14-0898797,172.208.30.141/5,tv,hotstar,Drama|Romance,YES
35-3961999,1237910,73-8866509,126.115.48.54/18,mobile,sony liv,Comedy|Fantasy|Romance,NO
19-9065628,1132898,51-3989409,22.157.106.123/11,mobile,sony liv,Horror,NO
68-0965626,1775542,26-7674358,136.176.5.88/2,tv,hotstar,Drama,YES
59-1761402,1591350,20-0120555,115.237.200.228/30,tv,hotstar,Animation,YES
94-4778102,1398582,18-9695217,92.132.46.186/14,tv,hotstar,Documentary,YES
03-5025689,1596230,46-7258855,0.152.243.86/12,mobile,hotstar,Comedy,YES
62-3359264,1785162,68-1645004,12.225.109.37/3,mobile,hotstar,Adventure|Children|Fantasy|Sci-Fi,YES
52-4940253,1157193,54-5167918,220.198.35.48/12,mobile,sony liv,Documentary,NO
71-8759187,1192570,09-6792381,34.55.212.49/14,tab,hotstar,Drama|Romance,YES
90-4490311,1710864,74-7123026,180.149.176.139/14,tab,sony liv,Animation,NO
38-4231745,1566750,94-7172936,121.63.138.1/9,tv,hotstar,Action|Adventure|Comedy|Drama,YES
18-7639059,1902547,23-8526771,118.213.21.11/10,tv,hotstar,Comedy,YES
06-4770519,1759209,76-2061260,5.104.93.64/1,tv,hotstar,Drama|Thriller,YES
23-8415521,1808244,05-3206800,44.159.73.121/9,mobile,sony liv,Drama|Romance,NO
41-8745968,1201646,04-8400479,124.245.177.203/18,tv,hotstar,Comedy|Romance,YES
80-7665391,1607767,87-4191255,181.180.153.173/2,mobile,sony liv,Animation|Children|Comedy,NO
30-5194945,1330120,21-1831026,201.147.190.193/3,mobile,sony liv,Action,NO
91-3393093,1326318,14-2432868,165.40.151.255/25,tv,sony liv,Drama,NO
32-7654457,1374670,92-1216177,0.207.218.41/3,tab,hotstar,Crime|Drama|Thriller,YES
18-4198377,1524976,54-4906742,72.228.234.176/25,tv,hotstar,Drama,YES
57-0566376,1883700,76-3714254,157.245.154.100/24,tv,hotstar,Comedy|Musical,YES
39-6076002,1269924,74-1428087,24.94.20.219/24,laptop,hotstar,Horror|Mystery|Sci-Fi|Thriller,YES
76-1696791,1597065,52-3365450,237.65.17.8/8,mobile,hotstar,Comedy|Crime|Musical,YES
08-4958333,1324619,49-3937736,22.50.108.88/5,mobile,hotstar,Drama,YES
88-5761975,1215860,85-7898283,10.191.21.86/31,tv,hotstar,Adventure|Comedy,YES
09-2493964,1425802,28-2726136,248.46.80.124/19,tv,sony liv,Drama,NO
98-6517501,1777992,03-0366923,26.81.168.180/13,tv,sony liv,Documentary,NO
99-4486635,1881691,42-5555529,99.203.10.138/14,mobile,hotstar,Thriller,YES
59-9502178,1378093,16-1063914,154.24.90.67/19,tv,hotstar,Action|Adventure|Children|Comedy|Fantasy,YES
04-8423212,1636229,14-8302729,244.69.60.175/7,tv,hotstar,Action|Fantasy|Sci-Fi|Thriller|War,YES
36-5448557,1578419,38-0542630,13.188.191.81/19,tv,hotstar,Action|Comedy|Drama,YES
32-9505056,1860396,76-7220846,164.19.131.28/26,tv,sony liv,Comedy|Drama|Horror,NO
19-7013306,1624943,15-2346815,52.93.246.218/18,mobile,hotstar,Adventure|Fantasy|Romance,YES
03-4983489,1620731,04-9209566,4.67.137.247/15,tab,hotstar,Sci-Fi|Thriller,YES
35-7407902,1562605,86-8649940,122.190.161.42/30,tv,sony liv,Drama,NO
67-9550401,1465475,64-7859203,248.52.174.7/25,tv,hotstar,Drama|Musical,YES
21-2369420,1321302,20-2806568,37.177.12.74/18,mobile,hotstar,Drama|Romance,YES
05-3325946,1396513,65-2487639,27.244.208.73/14,tv,hotstar,Drama|War,YES
83-6210271,1612911,06-4858928,178.191.174.45/17,tv,sony liv,Crime|Film-Noir|Thriller,NO
82-6361859,1714860,87-6542582,32.146.245.184/11,tv,hotstar,Comedy,YES
36-4906237,1566194,75-4612139,225.67.0.102/14,mobile,hotstar,Action|Comedy|Sci-Fi,YES
89-7415861,1851627,55-4063777,124.6.35.36/19,tab,sony liv,Drama|War,NO
56-4259992,1207853,46-9851307,35.94.65.102/8,mobile,sony liv,Romance,NO
15-4326865,1891556,84-8009001,215.165.102.19/23,tv,hotstar,Comedy|Romance,YES
41-7838340,1295527,04-0617089,26.240.222.38/2,tv,hotstar,Drama|Thriller,YES
57-8757552,1184172,04-0860407,199.89.80.62/29,tv,sony liv,Drama|Mystery,NO
87-3047645,1121429,06-9715275,121.21.161.12/25,tv,sony liv,Comedy,NO
38-8610649,1163715,18-5724625,173.47.118.103/23,tab,hotstar,Children|Comedy,YES
95-5842130,1851827,01-0186945,210.78.197.82/31,tab,hotstar,Musical,YES
13-1078766,1175107,75-0240714,69.31.114.129/24,tv,hotstar,Crime|Drama|Romance,YES
79-3483139,1262341,43-4906477,199.247.239.8/15,tv,sony liv,Crime|Drama,NO
28-9220886,1847909,26-4426576,56.186.6.199/26,tv,hotstar,Comedy,YES
53-6102784,1627071,31-1693264,95.10.109.142/3,tv,hotstar,Children|Fantasy,YES
03-8761173,1501276,43-8181581,182.30.2.205/24,tv,sony liv,Horror|Sci-Fi,NO
03-7177343,1300945,59-0665271,215.83.125.110/28,tv,hotstar,Comedy,YES
86-0263440,1467259,07-8209238,152.57.187.145/21,tv,hotstar,Drama,YES
33-3498949,1621154,25-9743422,151.240.157.155/20,tv,hotstar,Drama|Romance,YES
16-4556648,1546272,06-2095278,128.214.21.89/26,tv,hotstar,Western,YES
24-0578782,1223571,62-0922780,125.137.86.62/6,tv,hotstar,Children|Comedy|Musical,YES
21-7054921,1344883,45-6424902,187.113.95.103/17,tv,hotstar,Crime|Horror|Mystery|Thriller,YES
39-2716268,1894721,79-1011774,12.172.245.176/11,mobile,sony liv,Horror|Thriller,NO
96-5157744,1839877,81-2150326,50.242.79.230/23,mobile,sony liv,Action|Adventure|Sci-Fi,NO
15-9765786,1792973,17-8789305,254.12.83.221/14,tab,hotstar,Documentary,YES
23-8386889,1604138,47-1689288,200.71.238.89/25,laptop,hotstar,Drama,YES
44-2137190,1165411,47-2960512,236.223.162.205/3,mobile,hotstar,Animation|Comedy|Fantasy,YES
22-9198942,1142707,34-6886670,78.37.16.73/12,mobile,hotstar,Action|Comedy|Thriller,YES
88-9982768,1511482,81-2216960,156.25.237.144/21,tv,sony liv,Comedy,NO
38-9193774,1506652,54-7296396,240.105.142.60/29,tv,sony liv,Comedy,NO
76-0958317,1690613,39-7622105,206.194.157.163/2,mobile,sony liv,Drama,NO
15-8293577,1341536,19-4630709,16.219.47.224/19,tab,sony liv,Thriller,NO
51-6052448,1181133,49-2129206,42.88.110.123/17,laptop,sony liv,Comedy|Drama|Musical,NO
24-3853270,1620525,16-5762305,254.34.132.62/10,laptop,hotstar,Comedy|Drama,YES
00-2502793,1316293,81-4151194,12.1.247.119/23,tv,hotstar,Drama,YES
93-6701325,1214474,15-5062039,106.131.161.91/13,mobile,sony liv,(no genres listed),NO
75-0816125,1656780,27-7652232,30.42.197.171/28,tv,sony liv,Comedy|Drama,NO
53-8061966,1620879,53-6474128,90.79.247.89/30,mobile,sony liv,Crime|Drama|Thriller,NO
68-6655983,1277992,71-6454549,15.27.141.230/24,mobile,sony liv,Documentary,NO
03-1773054,1718184,52-9814753,179.206.58.46/10,mobile,sony liv,Drama,NO
70-8549251,1875017,95-3062000,181.149.44.79/4,laptop,sony liv,Comedy|Western,NO
54-7658536,1348796,19-1068912,101.254.183.95/7,laptop,hotstar,Thriller|Western,YES
91-0470366,1853451,39-1994663,12.75.246.7/9,tv,hotstar,Drama,YES
99-8604158,1561011,64-9028740,155.229.73.113/9,tv,hotstar,Horror|Mystery|Thriller,YES
69-0296942,1461746,80-7811403,242.141.64.228/23,tv,sony liv,Comedy,NO
17-7812266,1708241,69-2273303,108.8.218.243/21,mobile,hotstar,Action|Horror|Sci-Fi,YES
23-4527144,1697111,17-6851418,74.109.192.74/2,tv,hotstar,Drama|Romance|War,YES
15-2881526,1629759,03-4712618,28.250.162.154/15,tv,sony liv,Comedy,NO
52-2186935,1797093,72-4027056,23.110.226.15/9,tv,hotstar,Documentary,YES
22-4194755,1484251,25-0046378,58.82.76.251/12,tv,sony liv,Children|Drama,NO
16-3120719,1224220,66-7913049,225.73.59.226/10,laptop,hotstar,Comedy,YES
08-2025095,1631343,53-4202133,53.94.39.117/26,tv,hotstar,Comedy,YES
78-9433858,1379089,05-6877480,182.245.160.65/30,tv,hotstar,Comedy,YES
26-0336583,1566487,23-4306468,28.248.70.157/20,tv,sony liv,Documentary,NO
18-5800552,1324370,75-7825078,190.63.216.138/7,tv,sony liv,Comedy,NO
09-7254395,1597372,82-8422964,18.86.165.182/20,tv,sony liv,Action|Crime|Drama|Thriller,NO
09-9365641,1230532,23-3663943,240.29.237.97/21,mobile,hotstar,Comedy,YES
88-0009902,1277957,40-9320198,57.4.60.1/26,tab,hotstar,Adventure|Fantasy|Romance|Sci-Fi|Thriller,YES
93-3369680,1233898,51-7585301,161.244.201.196/1,tab,sony liv,Comedy|Drama,NO
43-9087667,1903505,48-5858060,211.217.48.43/5,tv,hotstar,Comedy,YES
85-5206897,1838598,81-6272977,129.35.129.117/7,tv,hotstar,Adventure|Comedy|Musical,YES
94-6460725,1420837,18-4641249,150.228.200.98/17,tv,sony liv,Action,NO
96-5100004,1106411,13-8909923,115.123.147.31/1,tab,sony liv,Drama,NO
66-5819938,1855489,23-7034961,128.194.107.65/2,mobile,sony liv,Drama,NO
28-8719683,1830446,18-6769412,42.33.196.37/26,laptop,sony liv,Horror,NO
87-3014539,1441977,16-1506502,244.183.213.169/20,tv,sony liv,Adventure|Animation|Children|Comedy|Fantasy,NO
50-0511486,1856513,23-6182718,120.134.52.201/29,mobile,hotstar,Drama,YES
42-9118245,1406906,13-5632656,189.110.238.161/18,tv,sony liv,Comedy|Romance,NO
74-2736736,1484297,82-4304664,189.197.38.241/20,laptop,sony liv,Action|Horror|Sci-Fi,NO
52-0466048,1740610,61-2211985,88.32.120.226/7,tv,sony liv,Comedy|Drama,NO
74-4739955,1297322,52-1518552,43.125.23.191/9,tv,sony liv,Adventure|Drama,NO
98-3642209,1794786,00-9111877,138.149.212.87/8,tv,hotstar,Comedy,YES
16-6034675,1843702,32-2628441,172.166.24.148/14,mobile,sony liv,Romance,NO
25-7984213,1853266,44-6668313,63.209.136.230/28,mobile,hotstar,Drama,YES
32-8804618,1584434,50-9786473,192.191.232.5/27,tv,hotstar,Action,YES
88-2959536,1622389,48-0782882,137.75.78.11/2,mobile,hotstar,Drama|Thriller,YES
76-5912755,1601048,31-3410514,114.50.96.95/17,tv,sony liv,Drama,NO
94-1785779,1210748,69-4254428,147.117.101.233/22,mobile,sony liv,Documentary,NO
05-1293562,1584674,23-1679898,114.27.97.133/4,tv,sony liv,Comedy|Romance|Sci-Fi,NO
43-5859012,1773509,78-1070784,219.221.86.25/15,tab,sony liv,Comedy|Drama|Romance,NO
69-9273713,1315873,95-9433557,21.255.142.2/5,tv,sony liv,Drama,NO
01-8500183,1659170,28-0281290,55.157.144.22/12,tv,sony liv,Action|Comedy|Crime,NO
60-5649450,1161027,89-7037850,62.16.182.223/2,tv,hotstar,Documentary,YES
20-6125459,1666331,47-8553527,230.176.253.166/16,tv,hotstar,Drama|Romance,YES
89-1641234,1853070,73-7396915,221.249.245.226/28,mobile,sony liv,Comedy|Romance,NO
31-4110895,1355404,47-6526334,150.167.190.55/10,tab,sony liv,Comedy|Musical|Romance,NO
07-5406577,1655259,51-4506816,144.255.31.176/5,mobile,sony liv,Horror,NO
07-5396815,1662480,99-7496253,213.223.51.244/13,tv,sony liv,Comedy,NO
80-9245798,1637827,18-2616297,8.216.224.43/29,tv,hotstar,Drama|Thriller,YES
34-9294179,1107910,93-0360632,116.112.168.19/25,tab,sony liv,Animation|Comedy|Sci-Fi,NO
06-7372619,1286651,46-3922524,91.152.189.13/10,laptop,hotstar,Comedy|Drama,YES
61-4233749,1386565,67-4764462,124.185.41.198/16,mobile,hotstar,Horror|Thriller,YES
39-4627310,1782237,25-7319279,169.192.21.205/12,tv,sony liv,Film-Noir|Mystery|Romance|Thriller,NO
72-3717373,1755205,12-3047446,54.62.207.146/15,tv,sony liv,Children|Drama,NO
67-6399213,1570934,68-1891854,178.243.245.242/29,mobile,hotstar,Crime|Drama|Thriller,YES
23-1685719,1825579,07-6877362,156.0.154.117/12,tv,hotstar,Drama,YES
71-6547820,1705740,32-9177645,97.132.74.42/15,mobile,hotstar,Horror,YES
71-2835293,1466304,64-6383491,219.113.210.3/21,mobile,hotstar,Horror,YES
43-9672100,1880388,74-3908653,63.35.189.58/8,mobile,hotstar,Comedy,YES
49-8814495,1782965,22-3379221,249.214.0.208/22,tab,hotstar,Drama|Sci-Fi,YES
58-1387985,1775563,56-1739583,201.213.219.180/21,tv,hotstar,Comedy|Drama|Romance,YES
49-0213545,1355517,13-9308000,229.38.230.205/17,tv,hotstar,Drama,YES
46-7476491,1490831,11-9390601,111.186.74.182/20,tab,sony liv,Comedy|Western,NO
49-9430666,1902571,07-2129529,125.2.216.251/23,mobile,sony liv,Children|Drama,NO
94-9444999,1555553,39-7294398,15.177.245.220/9,mobile,hotstar,Drama,YES
99-3529065,1633096,71-1541850,74.108.160.4/27,tv,sony liv,Comedy,NO
22-5090956,1866309,24-4478656,250.45.72.8/5,tv,hotstar,Comedy,YES
43-5103041,1354034,16-5924689,45.242.243.50/24,tv,sony liv,Comedy,NO
69-5842091,1365267,69-4215577,202.123.250.244/22,tv,hotstar,Drama,YES
38-6183616,1237705,55-5391711,6.246.29.254/24,tv,hotstar,Adventure|Drama,YES
80-6074098,1609685,04-6340202,117.98.68.97/31,tab,sony liv,Action|Crime|Drama|Thriller,NO
98-6382911,1615010,95-3965075,174.169.81.124/27,tv,hotstar,Drama|Horror|Thriller,YES
18-4935766,1880194,25-6519652,245.6.181.26/5,mobile,sony liv,Documentary,NO
91-5944381,1114064,21-4329519,178.175.76.54/3,laptop,hotstar,Comedy|Drama,YES
58-8846802,1758046,98-4198582,241.62.56.164/12,tv,hotstar,Action,YES
96-8330948,1824545,78-5060022,29.236.43.68/5,tv,sony liv,Drama|War,NO
79-0173910,1660770,24-4761677,129.225.22.254/10,tab,sony liv,Comedy,NO
